facilityid,latitude,longitude,elevation_m
10006510,32.57596504758365,-116.91564013788977,203.5
10001521,41.75310253863079,-124.20082671366757,7.5
10000914,34.011725929422504,-118.16917483066176,49.1
10006313,34.08542320534737,-117.95972580356398,115.2
10006488,34.096233053161434,-117.72245587010627,352.7
10006489,37.97087039089063,-122.031692397237,24.0
10006495,34.14789596650148,-117.9992566100296,173.1
10006498,33.80680219254155,-118.17245189767004,41.4
10006492,34.020764242179446,-118.39508559710085,28.2
10006179,36.73364122914027,-120.3924603239434,54.5
10000864,34.679187474299496,-120.50548010652062,36.6
10002351,33.97910744065924,-118.18841160133736,44.5
10000771,41.50102605418069,-124.0614026616772,293.5
10005258,40.74594991511181,-122.0926140282548,533.1
10000871,32.713963558611916,-117.1660704622264,9.3
10005267,39.81202088855824,-122.62925447861537,446.5
10005319,37.38924437916502,-118.55153489518936,1417.6
10005362,34.246176183785806,-119.10677775352286,37.5
10000840,33.99116711079797,-117.68683207528083,193.9
10005275,39.65246297492119,-122.72173226828056,1388.2
10000874,32.7173817496747,-117.16523774875972,11.6
10000849,35.37971816195629,-119.00641253053884,123.9
10000897,34.14735399725111,-118.2493590354608,173.0
10000911,33.83986898172371,-118.34228828447392,28.0
10000777,39.14285926968739,-121.63782617479472,18.0
10000823,36.44508173488965,-119.32043337950851,95.6
10005263,40.40164182151751,-120.51004710820791,1247.7
10000772,40.151192472135286,-120.16619206516069,1232.5
10000814,37.130265033493735,-122.1690670677042,800.7
10002347,33.16569335411168,-115.4843440200192,-48.3
10002348,32.82339731050856,-115.7890554901459,-3.9
10006310,34.55969543666143,-117.44071494857548,897.4
10005361,32.80301930673736,-115.56681652692428,-13.3
10006491,34.08995454335269,-117.8886708557222,171.3
10000781,38.600280065057795,-121.49413045068547,8.8
10000859,33.91003189843904,-116.87021077101804,665.6
10000835,34.17753047412101,-117.38931449983622,505.2
10001539,34.200843775017155,-119.18149015571184,16.7
10000891,34.46605502608862,-118.5996116034917,355.5
10002330,37.717950171696266,-121.8948186675473,114.1
10000863,34.676755382981256,-120.4994620676944,35.5
10000833,34.56900668681523,-117.36974423441475,888.3
10000831,34.568484117135945,-117.35831452366868,878.9
10006487,32.63993272300781,-117.08303758871024,22.1
10006180,36.728576475901214,-120.39236686830785,54.8
10000887,33.72649105995905,-118.26706314344848,4.6
10000867,34.67502678354751,-120.5042452703141,33.9
10000806,37.385902009533794,-120.55881096422864,57.1
10000892,34.05365172738237,-118.23852864799257,83.9
10006299,34.684348596310315,-120.50342145068144,41.5
10005303,37.7185793067588,-121.896970997066,113.9
10005261,40.15300842320584,-120.153899940364,1236.4
10006194,37.38324683391697,-120.56351089902054,56.1
10000830,34.56511772035156,-117.3705686834497,889.9
10000832,34.565479182329916,-117.3645614551476,888.8
10002323,38.320776607604,-121.97523692020748,42.3
10002316,38.66101321635629,-121.73033404289303,11.9
10002350,34.46449801148207,-118.58669462597126,403.0
10002355,34.062845125055134,-118.2075310308609,103.5
10002354,34.701951456144066,-118.23257916788252,715.5
10006242,35.38551690633812,-118.97007208464194,157.5
10000893,33.76887574058282,-118.19740279229644,9.5
10006509,32.69157796738742,-115.39785934490034,11.5
10006224,34.65294490631566,-118.47692576783348,889.7
10006223,34.65269994694997,-118.4790990449336,885.4
10005249,41.76415323607952,-124.19060254740864,7.1
10005329,34.13232970328932,-117.26894018143396,350.5
10000907,34.059105896911724,-118.1260141111758,115.9
10005366,33.99163063383789,-118.41985259215922,9.5
10005364,33.970346036657936,-118.27739864086942,43.1
10006325,33.75017454253526,-117.88059472025569,31.2
10006307,32.70025287997728,-117.11802856467416,24.5
10000898,34.134683472370746,-117.86472195529764,236.0
10005322,36.88402085050856,-121.41134831394592,71.3
10005309,37.48776481473485,-122.23165188434776,3.9
10000909,34.054407799325865,-117.7537923831384,257.8
10006306,32.69354083598739,-117.13502194396476,13.0
10006221,34.09201895807897,-118.837876371687,524.0
10005266,40.175627755533974,-122.23695248454342,92.8
10005316,37.37040656709717,-122.04014117760228,38.1
10000804,36.95303527822695,-120.0337697819451,82.8
10007007,35.50642904042633,-119.1109999113409,161.8
10007001,34.91837859256055,-120.49241570493896,58.4
10000826,35.97394943680589,-120.123101823151,234.9
10002345,35.324574100099134,-120.69890041992886,124.4
10000852,35.15325120165892,-117.85888005110138,778.7
10000824,36.060818292814254,-119.54912102574772,55.2
10000825,36.05395908338128,-119.54782062864966,55.2
10000801,37.0936807963828,-120.15270979438849,85.3
10002346,33.562579498036335,-114.90950576295587,138.8
10000869,32.58456492210108,-116.9335763874008,180.1
10002309,41.85480855418667,-124.1490751163596,30.1
10000822,36.46407283647074,-121.38305815511475,57.4
10000810,36.131473239777144,-120.24889960644474,173.0
10000802,37.105477428630245,-120.15547185750694,86.6
10005251,41.52359923931703,-120.67020461410344,1527.3
10000858,33.64204515942113,-116.80923524430564,856.4
10006530,38.69320816978507,-121.14879148409725,124.6
10005248,41.67774197144028,-122.82407824218762,935.3
10000904,34.2378303823899,-117.82290059711198,460.0
10005252,40.13825346356871,-123.8224067420024,143.8
10005290,38.90313303813308,-120.87004293218703,773.7
10000905,34.08392941062969,-118.86552872385522,398.4
10005305,37.5359784933773,-120.048738197483,938.8
10002310,40.40786908373915,-120.51339082085426,1265.7
10000878,32.68422671566009,-116.2667738482972,1073.5
10000855,35.329429003849334,-120.73344205123828,84.1
10006204,34.300036648410114,-118.36033132151492,439.9
10000789,37.92402926410429,-120.52961603771271,236.5
10000774,41.1231067161181,-121.22419725359636,1310.9
10005328,34.271656892428354,-117.2814657468556,1124.6
10000901,34.39010316279468,-117.77262913360008,1662.9
10005264,40.31308214420257,-121.89495892375476,602.6
10000793,37.89852127379901,-121.19769467027837,12.2
10005324,36.20791412059433,-118.71392800271092,1369.7
10005256,40.78981381613563,-122.80394970874065,966.8
10000877,33.427961075610796,-117.11832774136676,465.9
10006497,33.75270984107934,-118.08776063978296,10.4
10006316,34.10164898633541,-117.43379001368056,394.6
10006317,33.77637797128475,-117.93573132365108,28.0
10000884,34.24764369046445,-118.83478790538416,273.6
10000815,37.04370218416292,-122.04884959847284,231.0
10001535,33.613244388995795,-114.59791339322456,82.6
10005370,34.09577047236163,-118.33065860825457,102.7
10005368,34.052080277150985,-118.240951738798,83.3
10006228,34.457183406305845,-118.48669688989436,432.6
10006230,37.49315980362607,-122.22085687599696,3.7
10005369,34.253008666349736,-118.41049483281228,290.2
10005371,34.183695097941026,-118.44523606464249,215.1
10005283,39.3079091221786,-120.93491737585298,1165.5
10005340,33.581147847246136,-117.12241672177,411.6
10005341,33.70339507605988,-116.22241251718144,-4.1
10006222,34.093640682980926,-118.83823161297744,529.1
10006225,34.152893963471456,-117.7445140430745,579.1
10005300,37.640028286509654,-120.99654693026912,27.2
10005352,34.44605863466011,-119.77662913612724,49.5
10000799,37.89778736654379,-121.1905848230992,13.0
10001537,32.588806952285296,-116.91889669723231,227.9
10006712,37.58469199864496,-120.98530101477655,25.5
10006483,34.13664247675464,-118.039708639047,140.6
10006484,34.1348471024137,-117.90660066978482,187.5
10006485,34.073707405399574,-118.39985494688511,74.4
10005273,39.35761682929475,-123.55627164419816,112.6
10002352,34.18344638964236,-118.30845716063072,195.8
10000780,38.69538346625723,-121.1630323451162,82.7
10002344,35.667807046660805,-119.22698574189052,110.8
10000895,34.091960461497386,-118.12667840621174,147.0
10002314,38.93578158697222,-121.10759015408996,429.5
10000782,38.37074337471898,-120.95344581511613,98.5
10005351,33.78427717878771,-117.88641503087702,40.0
10005345,33.781933227245936,-117.8831662123326,39.9
10005346,33.781923625999724,-117.88736079825428,39.0
10005348,33.67791718589825,-117.5720756599411,540.1
10005350,33.749055093408764,-117.87858088438688,33.3
10005333,34.63575816436559,-117.2056536197532,955.6
10001536,33.97880875192602,-117.37430967453528,259.9
10005347,33.7849812586864,-117.88594679668442,39.9
10006231,36.882705577003165,-121.41202368335358,71.8
10000862,33.71389710445651,-116.22170360532692,-2.9
10005269,39.93342338185887,-120.9078241146987,1069.0
10000779,38.30639934939619,-121.42332506830044,6.6
10005330,34.12908750028364,-117.2698025112236,346.3
10000860,33.92015344766866,-117.45258276134564,236.8
10006706,38.80841284215149,-121.30157845897398,36.8
10001538,32.590543113063475,-116.92149827863445,217.8
10005344,33.58079488429191,-117.11979655719516,414.4
10005354,32.590858306967554,-116.91812114373408,230.0
10000876,32.842112726419444,-116.97338191264392,106.6
10005360,32.59134370566924,-116.92328667495188,213.2
10005307,37.75575802266862,-122.40447005119576,26.2
10005356,32.79469992229926,-117.15229112960223,112.9
10001525,37.77525144567049,-122.40490521229466,5.8
10000872,32.71725211349196,-117.16427157272356,13.6
10005358,33.19185669461099,-117.25692822932726,103.1
10000875,32.794226714904966,-117.1533898985926,112.7
10000798,37.88571630267671,-121.29514967185196,4.9
10000795,37.88450335521423,-121.30063185290682,3.8
10001534,35.32137388763984,-120.71913149908312,98.6
10005339,35.32008468936467,-120.71574744929144,102.5
10006709,37.49271532620894,-122.21912359465084,3.8
10002333,37.41857358803495,-121.90826096495222,7.9
10006710,34.54403216104945,-119.77705581302736,332.5
10005353,34.8820997891649,-120.44654682784352,88.0
10005260,40.581341110839354,-122.3961983707309,178.2
10005321,36.91382082681037,-121.8097597235208,33.0
10006232,37.35101112246267,-121.9059750533212,20.0
10005317,37.167688466801366,-121.64668361685963,120.2
10005246,41.70814455541497,-122.63516451171624,818.1
10002328,37.58464851762791,-120.98997965152364,25.7
10000787,38.27466985440152,-121.9999655085075,19.8
10001528,36.98062037922893,-122.02368691172828,8.4
10005259,40.54877363345071,-122.37903034906776,145.4
10002321,38.46729912018051,-122.72636627453036,45.7
10005268,40.17081458396152,-122.2535441639448,99.3
10005247,41.73061853007981,-122.63942281132562,801.6
10005279,39.150533216033175,-121.59901636846423,19.3
10002337,36.455097924738425,-119.3212963420362,96.6
10002329,37.6621433321267,-121.04312110071773,23.2
10002335,36.459985601850285,-119.32306031943332,96.7
10005255,40.74978944878197,-122.9239474369582,710.8
10002334,36.45910316552269,-119.32517720490618,96.3
10005257,40.73648742589344,-122.94609726979162,630.0
10005278,39.14996004987066,-121.60011301200107,20.0
10001523,37.98419394935426,-120.38611882763914,549.8
10000882,34.30928593996256,-119.11220945474956,59.2
10002336,36.3281261212818,-119.31714995811475,98.2
10000899,33.919601544152606,-118.35318367048885,21.9
10000896,33.940698529363736,-118.12853422450073,36.8
10000906,34.0207959161168,-118.11638105213125,83.3
10000846,35.13415778402242,-119.44146788011987,265.9
10005365,34.004594416549466,-118.23087236982576,62.2
10005304,37.55219822678668,-121.9681860469508,19.4
10000845,35.495318067849404,-119.25905776312544,105.9
10000843,35.76564031898252,-119.30429085361187,80.2
10006482,33.83019210335317,-117.91905930414576,46.5
10006903,34.02929606104588,-117.59681333407,249.7
10006902,33.677626503376,-118.00088530130684,20.5
10006904,37.65752960106487,-122.0969066128883,22.4
10006905,34.14918573594655,-118.14481080966269,265.4
10006494,33.87085843600594,-117.92818641617431,49.3
10006493,34.07158043477895,-118.0302635150937,87.7
10006906,37.87020999993821,-122.27328174212134,48.4
10006499,34.07130466380657,-117.93886373342276,113.8
10005271,39.52949746158004,-121.5745062299414,77.9
10006490,33.6633743002085,-117.9041902557805,23.2
10005298,38.19353619014131,-120.66538822180613,348.1
10006907,33.95672114568816,-118.205100443669,37.0
10006698,37.71256207654158,-122.11612045675584,88.7
10002324,37.8944241433025,-121.86505370001386,200.8
10006908,34.01221467658367,-118.49079223643082,21.7
10005286,39.205571786654794,-122.00325941610808,17.7
10006500,33.97496527739392,-118.03462367231562,95.4
10005312,36.738616880263095,-119.79041979901356,88.4
10006440,38.935201491263825,-119.97219591552351,1912.3
10006486,33.86413456620653,-117.99695734946756,24.1
10005311,36.73819529451567,-119.7899519676438,88.9
10002312,39.519679878877575,-122.2003805703925,41.2
10005313,36.737340306481336,-119.78920805046889,90.3
10005254,40.80297362800573,-124.16156606209246,13.9
10000880,32.74730136464732,-115.56369468007372,-5.9
10006496,33.84487497243068,-118.38832350793837,22.3
10002356,33.92808328856635,-118.22748820851368,25.7
10005336,35.509232224714665,-119.11066155139858,163.4
10005334,35.50544049501467,-119.11506321759109,157.5
10002343,35.372514913991346,-119.01775467607553,123.2
10000889,34.05882860956883,-118.2307921797654,87.9
10005280,39.104174901130456,-122.91333000554673,447.3
10006704,37.488618729358855,-119.96803812171764,618.4
10006909,33.9796633125608,-118.21863230920243,50.1
10000912,34.315820791234124,-118.48324565628825,388.5
10005262,40.42450028814349,-120.64836918474327,1280.7
10000888,34.060423389772325,-118.23112916876896,89.9
10000803,36.95303248598929,-120.03571367061356,82.9
10001524,37.999504270594485,-122.53252445910216,26.6
10000807,37.30716956554306,-120.48382018893972,51.7
10005306,37.49996234905585,-119.987694996906,644.7
10005250,41.483803440499145,-120.54072090870048,1331.3
10005295,38.25701172449448,-119.2281627852132,1972.6
10005284,39.268673229848154,-121.02790388529456,810.2
10000890,34.46919331550016,-118.60482801608542,343.6
10005375,34.058445694210576,-118.23061700116908,87.9
10002319,38.296730767207286,-122.2843068502495,6.9
10002311,39.16039412256435,-123.220204359166,201.6
10005291,38.28828227700995,-122.29963939302542,9.3
10005274,39.15926394896029,-123.21691581616892,198.0
10001530,35.10991555190383,-118.57033067748,1191.7
10000836,33.98471244959707,-117.68239170046569,188.6
10000850,35.669938224404156,-119.22807495791346,110.1
10000851,35.66816608613756,-119.22874700161184,110.6
10000817,36.46964827416208,-121.38223254073095,65.2
10002341,33.94974539755923,-117.6363650322742,172.8
10000785,38.3285102029971,-121.97916451130509,43.0
10000786,38.217626008443645,-121.84722364621932,25.8
10000857,33.9292530412966,-117.5725312861978,198.8
10005282,38.91057030566233,-122.7077601724924,614.3
10006347,32.93893654769131,-116.53689248814348,1458.2
10002322,38.694444232143624,-121.15390376526624,117.2
10000811,36.672531545811935,-119.08573875853784,893.1
10002353,34.693596500791955,-118.2276135961975,715.9
10002349,34.437431767090374,-118.287350782123,666.7
10000790,37.940039851419016,-122.4903665969169,3.7
10000847,35.59431194493489,-119.40833193657431,87.6
10002340,34.55992220018533,-117.4373207394121,896.1
10000879,33.32449679713223,-116.68321048338171,910.4
10000808,37.189420106543345,-120.53775921676562,36.7
10000841,35.78188517301339,-119.30987566982682,78.4
10005299,38.106427356926375,-120.48874358476203,604.1
10006532,35.46406026013646,-120.6348665784761,279.7
10001522,37.89168865412792,-120.53654018648405,328.6
10000784,38.4117068986096,-120.63947541383544,716.4
10000856,33.92691793871164,-117.57594424895476,189.5
10006531,36.13343268870778,-120.24044350195224,174.8
10000902,34.565337588031426,-118.47580837113031,567.0
10005253,40.375077084153816,-123.9312622305967,202.2
10000838,34.03332926365807,-116.90609379198143,1681.5
10000844,35.76647451591408,-119.32536275967016,77.2
10000861,33.56097662668156,-114.9260675684116,139.2
10000821,36.47885711260287,-121.37439425565836,88.0
10005272,39.36977478501272,-123.6556177393927,62.4
10000870,32.63304064341742,-117.07753111701798,26.2
10006220,34.08770877517197,-118.70768791922296,164.2
10005296,38.351538648718005,-120.76931828684096,380.9
10006226,34.1345449734149,-117.79496229533272,444.7
10002338,36.45663045552659,-119.32069305186393,96.6
10006229,34.45854032992573,-118.4828038923584,442.7
10005289,38.9340685149632,-119.97213762662253,1912.0
10005288,38.72391175979539,-120.82363571641528,593.3
10005270,39.529692691577225,-121.57051867645444,78.7
10000900,34.15309188637279,-117.74191185518086,578.8
10005320,36.79894438134117,-118.19380693837496,1195.6
10006705,39.26565985450622,-121.03245172516118,812.1
10006703,35.76932479905095,-118.42746270426794,841.1
10000834,34.10242616729506,-117.27345082727165,315.3
10000827,36.33368353541322,-119.66961592010344,68.9
10006702,36.65951325902287,-119.72474618057136,91.6
10005331,34.08118905127584,-117.52915047961852,325.4
10000828,34.5475073764621,-117.45763172644712,915.2
10005325,36.33158401889679,-119.66762056058052,69.0
10002331,37.71784061903257,-121.88779040170296,118.1
20000100,40.750736220204836,-122.92319829648272,715.1
10000775,40.42573469368667,-120.65008647053216,1283.6
10006699,37.98822234273883,-122.08867712061308,49.6
10000809,37.18771223201478,-120.54145188502224,37.1
10002325,37.99541519496946,-122.35366094214724,19.7
10000778,38.583018280359575,-121.4975209718283,9.4
10005349,33.66397649112649,-117.69931931581662,147.6
10005308,36.95420893495739,-120.03497358639753,83.1
10000791,38.02754018293216,-122.56630899802622,40.3
10005335,35.04626018655627,-118.1625003600632,833.2
10005337,35.510712769404066,-119.11037865485692,165.5
10005338,35.51247844150768,-119.11013689243094,166.8
10002326,38.01736383431603,-122.13224601906312,8.7
10002313,39.14114653002424,-121.58690840125676,18.5
10006439,38.93667972767868,-121.10931248260697,429.5
10006707,38.54604226446235,-121.3405908477844,23.1
10001526,37.77546199277186,-122.40416818642215,5.6
10000805,37.62744097672951,-122.4603625644674,184.6
10000854,35.32070973785056,-120.7267914288845,85.6
10000797,37.88362185715131,-121.29059713126162,5.4
10000820,36.678865705631374,-121.62745479242824,22.3
10006711,38.27371914804761,-121.99938649727412,19.9
10005315,37.351471306559965,-121.90623800435311,19.9
10000818,36.6990536439476,-121.6303604023972,28.6
10001529,36.98011161131043,-122.02381977917152,6.9
10005314,37.34970166305614,-121.90715984251057,20.5
10000788,38.24734151191261,-122.0393212229116,3.4
10000868,34.8809478871633,-120.44720314021224,87.9
10000819,36.700423193185415,-121.63243384862332,25.1
10005277,39.558897821651826,-120.83026440189096,886.9
10005293,38.44154467199271,-122.5821207731632,160.5
10005297,38.251590132038416,-122.0642316186344,9.3
10005294,38.504195449308106,-122.8691064487371,71.8
10002320,38.513140047609944,-122.80147808524178,35.3
10000865,34.44490502379509,-119.77712765160398,45.8
10000886,34.26940988794384,-119.20927538337398,71.8
10000885,34.25611380659831,-119.15972354105072,30.7
10002317,38.659879421445865,-121.7314816044994,11.8
