facilityid,name,cdcr_code,latitude,longitude,cell_lat,cell_lon,cell_dist_km,contained_cell_valid,mask_override,note,cell_key
10006510,Otay Mesa Detention Center,,32.57596504758365,-116.91564013788977,32.578125,-116.921875,0.631,True,False,,"32.578125,-116.921875"
10001521,Del Norte County Jail,,41.75310253863079,-124.20082671366757,41.765625,-124.203125,1.403,True,False,,"41.765625,-124.203125"
10000914,Dorothy Kirby Center,,34.011725929422504,-118.16917483066176,34.015625,-118.171875,0.499,True,False,,"34.015625,-118.171875"
10006313,Baldwin Park Jail,,34.08542320534737,-117.95972580356398,34.078125,-117.953125,1.012,True,False,,"34.078125,-117.953125"
10006488,Claremont Jail,,34.096233053161434,-117.72245587010627,34.109375,-117.734375,1.824,True,False,,"34.109375,-117.734375"
10006489,Concord Jail,,37.97087039089063,-122.031692397237,37.984375,-122.046875,2.003,True,False,,"37.984375,-122.046875"
10006495,Monrovia Jail,,34.14789596650148,-117.9992566100296,34.140625,-117.984375,1.588,True,False,,"34.140625,-117.984375"
10006498,Signal Hill City Jail,,33.80680219254155,-118.17245189767004,33.796875,-118.171875,1.103,True,False,,"33.796875,-118.171875"
10006492,Culver City Jail,,34.020764242179446,-118.39508559710085,34.015625,-118.390625,0.703,True,False,,"34.015625,-118.390625"
10006179,FCI Mendota,,36.73364122914027,-120.3924603239434,36.734375,-120.390625,0.182,True,False,,"36.734375,-120.390625"
10000864,USP Lompoc,,34.679187474299496,-120.50548010652062,34.671875,-120.515625,1.231,True,False,,"34.671875,-120.515625"
10002351,Bell City Jail,,33.97910744065924,-118.18841160133736,33.984375,-118.203125,1.475,True,False,,"33.984375,-118.203125"
10000771,Alder Conservation Camp #20,,41.50102605418069,-124.0614026616772,41.515625,-124.046875,2.021,True,False,,"41.515625,-124.046875"
10005258,Sugar Pine Conservation Camp #9,,40.74594991511181,-122.0926140282548,40.734375,-122.078125,1.771,True,False,,"40.734375,-122.078125"
10000871,MCC San Diego,,32.713963558611916,-117.1660704622264,32.703125,-117.171875,1.32,True,False,,"32.703125,-117.171875"
10005267,Salt Creek Conservation Camp #7,,39.81202088855824,-122.62925447861537,39.796875,-122.640625,1.941,True,False,,"39.796875,-122.640625"
10005319,Owens Valley Conservation Camp #26,,37.38924437916502,-118.55153489518936,37.390625,-118.546875,0.439,True,False,,"37.390625,-118.546875"
10005362,Ventura Conservation Camp #46,,34.246176183785806,-119.10677775352286,34.234375,-119.109375,1.331,True,False,,"34.234375,-119.109375"
10000840,Prado Conservation Camp #28,,33.99116711079797,-117.68683207528083,33.984375,-117.671875,1.569,True,False,,"33.984375,-117.671875"
10005275,Valley View Conservation Camp #34,,39.65246297492119,-122.72173226828056,39.640625,-122.734375,1.701,True,False,,"39.640625,-122.734375"
10000874,Western Region Detention Facility,,32.7173817496747,-117.16523774875972,32.703125,-117.171875,1.7,True,False,,"32.703125,-117.171875"
10000849,Mesa Verde Ice Processing Center,,35.37971816195629,-119.00641253053884,35.390625,-119.015625,1.47,True,False,,"35.390625,-119.015625"
10000897,Glendale City Jail,,34.14735399725111,-118.2493590354608,34.140625,-118.234375,1.566,True,False,,"34.140625,-118.234375"
10000911,Torrance City Jail,,33.83986898172371,-118.34228828447392,33.828125,-118.328125,1.845,True,False,,"33.828125,-118.328125"
10000777,Sutter County Jail,,39.14285926968739,-121.63782617479472,39.140625,-121.640625,0.346,True,False,,"39.140625,-121.640625"
10000823,Tulare County Men's Correctional Facility,,36.44508173488965,-119.32043337950851,36.453125,-119.328125,1.126,True,False,,"36.453125,-119.328125"
10005263,Antelope Conservation Camp #25,,40.40164182151751,-120.51004710820791,40.390625,-120.515625,1.311,True,False,,"40.390625,-120.515625"
10000772,Herlong FCI,,40.151192472135286,-120.16619206516069,40.140625,-120.171875,1.268,True,False,,"40.140625,-120.171875"
10000814,Ben Lomond Conservation Camp #45,,37.130265033493735,-122.1690670677042,37.140625,-122.171875,1.176,True,False,,"37.140625,-122.171875"
10002347,Calipatria State Prison (CAL),CAL,33.16569335411168,-115.4843440200192,33.171875,-115.484375,0.686,True,False,,"33.171875,-115.484375"
10002348,Centinela State Prison (CEN),CEN,32.82339731050856,-115.7890554901459,32.828125,-115.796875,0.899,True,False,,"32.828125,-115.796875"
10006310,Adelanto Ice Processing Center,,34.55969543666143,-117.44071494857548,34.546875,-117.453125,1.82,True,False,,"34.546875,-117.453125"
10005361,El Centro Service Processing Center,,32.80301930673736,-115.56681652692428,32.796875,-115.578125,1.256,True,False,,"32.796875,-115.578125"
10006491,Covina Jail,,34.08995454335269,-117.8886708557222,34.078125,-117.890625,1.325,True,False,,"34.078125,-117.890625"
10000781,Sacramento County Work Release,,38.600280065057795,-121.49413045068547,38.609375,-121.484375,1.317,True,False,,"38.609375,-121.484375"
10000859,Larry D Smith Correctional Facility,,33.91003189843904,-116.87021077101804,33.921875,-116.859375,1.651,True,False,,"33.921875,-116.859375"
10000835,Glen Helen Rehabilitation Center,,34.17753047412101,-117.38931449983622,34.171875,-117.390625,0.639,True,False,,"34.171875,-117.390625"
10001539,Oxnard City Jail,,34.200843775017155,-119.18149015571184,34.203125,-119.171875,0.918,True,False,,"34.203125,-119.171875"
10000891,Pitchess Detention Center-South,,34.46605502608862,-118.5996116034917,34.453125,-118.609375,1.691,True,False,,"34.453125,-118.609375"
10002330,FCI Dublin Camp,,37.717950171696266,-121.8948186675473,37.703125,-121.890625,1.686,True,False,,"37.703125,-121.890625"
10000863,FCI Lompoc,,34.676755382981256,-120.4994620676944,34.671875,-120.484375,1.48,True,False,,"34.671875,-120.484375"
10000833,FCI Victorville Medium I Camp,,34.56900668681523,-117.36974423441475,34.578125,-117.359375,1.387,True,False,,"34.578125,-117.359375"
10000831,FCI Victorville Medium II,,34.568484117135945,-117.35831452366868,34.578125,-117.359375,1.075,True,False,,"34.578125,-117.359375"
10006487,Chula Vista Jail,,32.63993272300781,-117.08303758871024,32.640625,-117.078125,0.466,True,False,,"32.640625,-117.078125"
10006180,FCI Mendota Camp,,36.728576475901214,-120.39236686830785,36.734375,-120.390625,0.662,True,False,,"36.734375,-120.390625"
10000887,FCI Terminal Island,,33.72649105995905,-118.26706314344848,33.734375,-118.265625,0.885,True,False,,"33.734375,-118.265625"
10000867,USP Lompoc Camp,,34.67502678354751,-120.5042452703141,34.671875,-120.515625,1.096,True,False,,"34.671875,-120.515625"
10000806,USP Atwater,,37.385902009533794,-120.55881096422864,37.390625,-120.546875,1.176,True,False,,"37.390625,-120.546875"
10000892,Mdc Los Angeles,,34.05365172738237,-118.23852864799257,34.046875,-118.234375,0.844,True,False,,"34.046875,-118.234375"
10006299,USP Lompoc North Camp,,34.684348596310315,-120.50342145068144,34.671875,-120.515625,1.777,True,False,,"34.671875,-120.515625"
10005303,FCI Dublin,,37.7185793067588,-121.896970997066,37.703125,-121.890625,1.804,True,False,,"37.703125,-121.890625"
10005261,Herlong FCI Camp,,40.15300842320584,-120.153899940364,40.140625,-120.140625,1.777,True,False,,"40.140625,-120.140625"
10006194,USP Atwater Camp,,37.38324683391697,-120.56351089902054,37.390625,-120.578125,1.527,True,False,,"37.390625,-120.578125"
10000830,USP Victorville,,34.56511772035156,-117.3705686834497,34.578125,-117.359375,1.77,True,False,,"34.578125,-117.359375"
10000832,FCI Victorville Medium I,,34.565479182329916,-117.3645614551476,34.578125,-117.359375,1.482,True,False,,"34.578125,-117.359375"
10002323,"California State Prison, Solano (SOL)",SOL,38.320776607604,-121.97523692020748,38.328125,-121.984375,1.14,True,False,,"38.328125,-121.984375"
10002316,Yolo County Juvenile Detention Facility,,38.66101321635629,-121.73033404289303,38.671875,-121.734375,1.256,True,False,,"38.671875,-121.734375"
10002350,North County Correctional Facility,,34.46449801148207,-118.58669462597126,34.453125,-118.578125,1.486,True,False,,"34.453125,-118.578125"
10002355,Central Juvenile Hall,,34.062845125055134,-118.2075310308609,34.078125,-118.203125,1.744,True,False,,"34.078125,-118.203125"
10002354,Mira Loma Detention Center,,34.701951456144066,-118.23257916788252,34.703125,-118.234375,0.209,True,False,,"34.703125,-118.234375"
10006242,James G Bowles Juvenile Hall,,35.38551690633812,-118.97007208464194,35.390625,-118.984375,1.413,True,False,,"35.390625,-118.984375"
10000893,Long Beach City Jail,,33.76887574058282,-118.19740279229644,33.765625,-118.203125,0.64,True,False,,"33.765625,-118.203125"
10006509,Imperial Regional Detention Facility,,32.69157796738742,-115.39785934490034,32.703125,-115.390625,1.449,True,False,,"32.703125,-115.390625"
10006224,Camp Mendenhall,,34.65294490631566,-118.47692576783348,34.640625,-118.484375,1.527,True,False,,"34.640625,-118.484375"
10006223,Camp Munz,,34.65269994694997,-118.4790990449336,34.640625,-118.484375,1.424,True,False,,"34.640625,-118.484375"
10005249,Del Norte Juvenile Hall,,41.76415323607952,-124.19060254740864,41.765625,-124.203125,1.05,True,False,,"41.765625,-124.203125"
10005329,Central Valley Juvenile Detention And Assessment Center,,34.13232970328932,-117.26894018143396,34.140625,-117.265625,0.97,True,False,,"34.140625,-117.265625"
10000907,Monterey Park City Jail,,34.059105896911724,-118.1260141111758,34.046875,-118.140625,1.91,True,False,,"34.046875,-118.140625"
10005366,Pacific Area Community Jail,,33.99163063383789,-118.41985259215922,33.984375,-118.421875,0.827,True,False,,"33.984375,-118.421875"
10005364,77th Street Regional Jail,,33.970346036657936,-118.27739864086942,33.984375,-118.265625,1.897,True,False,,"33.984375,-118.265625"
10006325,Santa Ana City Jail,,33.75017454253526,-117.88059472025569,33.765625,-117.890625,1.949,True,False,,"33.765625,-117.890625"
10006307,Cai - Ocean View,,32.70025287997728,-117.11802856467416,32.703125,-117.109375,0.869,True,False,,"32.703125,-117.109375"
10000898,Glendora City Jail,,34.134683472370746,-117.86472195529764,34.140625,-117.859375,0.822,True,False,,"34.140625,-117.859375"
10005322,San Benito County Jail,,36.88402085050856,-121.41134831394592,36.890625,-121.421875,1.188,True,False,,"36.890625,-121.421875"
10005309,Maguire Correctional Facility,,37.48776481473485,-122.23165188434776,37.484375,-122.234375,0.446,True,False,,"37.484375,-122.234375"
10000909,Pomona City Jail,,34.054407799325865,-117.7537923831384,34.046875,-117.765625,1.372,True,False,,"34.046875,-117.765625"
10006306,Cai - Boston Avenue,,32.69354083598739,-117.13502194396476,32.703125,-117.140625,1.186,True,False,,"32.703125,-117.140625"
10006221,Camp Kilpatrick,,34.09201895807897,-118.837876371687,34.078125,-118.828125,1.784,True,False,,"34.078125,-118.828125"
10005266,Tehama County Jail,,40.175627755533974,-122.23695248454342,40.171875,-122.234375,0.47,True,False,,"40.171875,-122.234375"
10005316,Sunnyvale Department Of Public Safety,,37.37040656709717,-122.04014117760228,37.359375,-122.046875,1.361,True,False,,"37.359375,-122.046875"
10000804,Madera County Juvenile Hall,,36.95303527822695,-120.0337697819451,36.953125,-120.046875,1.163,True,False,,"36.953125,-120.046875"
10007007,Kern County - Lerdo Justice Facility,,35.50642904042633,-119.1109999113409,35.515625,-119.109375,1.031,True,False,,"35.515625,-119.109375"
10007001,Northern Branch Jail,,34.91837859256055,-120.49241570493896,34.921875,-120.484375,0.828,True,False,,"34.921875,-120.484375"
10000826,Avenal State Prison,ASP,35.97394943680589,-120.123101823151,35.984375,-120.109375,1.691,True,False,,"35.984375,-120.109375"
10002345,California Men's Colony (CMC),CMC,35.324574100099134,-120.69890041992886,35.328125,-120.703125,0.549,True,False,,"35.328125,-120.703125"
10000852,California City Correctional Center (CAC),CAC,35.15325120165892,-117.85888005110138,35.140625,-117.859375,1.402,True,False,,"35.140625,-117.859375"
10000824,"California State Prison, Corcoran (COR)",COR,36.060818292814254,-119.54912102574772,36.046875,-119.546875,1.561,True,False,,"36.046875,-119.546875"
10000825,Ca Substance Abuse Treatment Facility (SATF),SATF,36.05395908338128,-119.54782062864966,36.046875,-119.546875,0.791,True,False,,"36.046875,-119.546875"
10000801,Central California Women's Facility (CCWF),CCWF,37.0936807963828,-120.15270979438849,37.078125,-120.140625,2.031,True,False,,"37.078125,-120.140625"
10002346,Chuckawalla Valley State Prison (CVSP),CVSP,33.562579498036335,-114.90950576295587,33.578125,-114.921875,2.07,True,False,,"33.578125,-114.921875"
10000869,R J Donovan Correctional Facility (RJD),RJD,32.58456492210108,-116.9335763874008,32.578125,-116.921875,1.307,True,False,,"32.578125,-116.921875"
10002309,Pelican Bay State Prison (PBSP),PBSP,41.85480855418667,-124.1490751163596,41.859375,-124.140625,0.863,True,False,,"41.859375,-124.140625"
10000822,Gabilan Conservation Camp #38,,36.46407283647074,-121.38305815511475,36.453125,-121.390625,1.39,True,False,,"36.453125,-121.390625"
10000810,Pleasant Valley State Prison (PVSP),PVSP,36.131473239777144,-120.24889960644474,36.140625,-120.234375,1.652,True,False,,"36.140625,-120.234375"
10000802,Valley State Prison (VSP),VSP,37.105477428630245,-120.15547185750694,37.109375,-120.140625,1.384,True,False,,"37.109375,-120.140625"
10005251,Devils Garden Conservation Camp #40,,41.52359923931703,-120.67020461410344,41.515625,-120.671875,0.896,True,False,,"41.515625,-120.671875"
10000858,Bautista Conservation Camp #36,,33.64204515942113,-116.80923524430564,33.640625,-116.796875,1.153,True,False,,"33.640625,-116.796875"
10006530,Folsom Women's Facility (FWF),FWF,38.69320816978507,-121.14879148409725,38.703125,-121.140625,1.309,True,False,,"38.703125,-121.140625"
10005248,Deadwood Conservation Camp #23,,41.67774197144028,-122.82407824218762,41.671875,-122.828125,0.733,True,False,,"41.671875,-122.828125"
10000904,Julius Klein Conservation Camp #19,,34.2378303823899,-117.82290059711198,34.234375,-117.828125,0.614,True,False,,"34.234375,-117.828125"
10005252,Eel River Conservation Camp #31,,40.13825346356871,-123.8224067420024,40.140625,-123.828125,0.552,True,False,,"40.140625,-123.828125"
10005290,Growlersburg Conservation Camp #33,,38.90313303813308,-120.87004293218703,38.890625,-120.859375,1.666,True,False,,"38.890625,-120.859375"
10000905,Malibu Conservation Camp #13,,34.08392941062969,-118.86552872385522,34.078125,-118.859375,0.857,True,False,,"34.078125,-118.859375"
10005305,Mount Bullion Conservation Camp #39,,37.5359784933773,-120.048738197483,37.546875,-120.046875,1.221,True,False,,"37.546875,-120.046875"
10002310,High Desert State Prison (HDSP),HDSP,40.40786908373915,-120.51339082085426,40.421875,-120.515625,1.566,True,False,,"40.421875,-120.515625"
10000878,McCain Valley Conservation Camp #21,,32.68422671566009,-116.2667738482972,32.671875,-116.265625,1.375,True,False,,"32.671875,-116.265625"
10000855,Cuesta Conservation Camp #24,,35.329429003849334,-120.73344205123828,35.328125,-120.734375,0.168,True,False,,"35.328125,-120.734375"
10006204,Holton Conservation Camp #16,,34.300036648410114,-118.36033132151492,34.296875,-118.359375,0.362,True,False,,"34.296875,-118.359375"
10000789,Baseline Conservation Camp #30,,37.92402926410429,-120.52961603771271,37.921875,-120.515625,1.248,True,False,,"37.921875,-120.515625"
10000774,Intermountain Conservation Camp #22,,41.1231067161181,-121.22419725359636,41.109375,-121.234375,1.746,True,False,,"41.109375,-121.234375"
10005328,Pilot Rock Conservation Fire Camp #15,,34.271656892428354,-117.2814657468556,34.265625,-117.296875,1.564,True,False,,"34.265625,-117.296875"
10000901,Fenner Canyon Conservation Camp #41,,34.39010316279468,-117.77262913360008,34.390625,-117.765625,0.644,True,False,,"34.390625,-117.765625"
10005264,Ishi Conservation Camp #18,,40.31308214420257,-121.89495892375476,40.328125,-121.890625,1.71,True,False,,"40.328125,-121.890625"
10000793,O.H.Close Youth Correctional Facility,,37.89852127379901,-121.19769467027837,37.890625,-121.203125,0.997,True,False,,"37.890625,-121.203125"
10005324,Mountain Home Conservation Camp #10,,36.20791412059433,-118.71392800271092,36.203125,-118.703125,1.104,True,False,,"36.203125,-118.703125"
10005256,Trinity River Conservation Camp #3,,40.78981381613563,-122.80394970874065,40.796875,-122.796875,0.984,True,False,,"40.796875,-122.796875"
10000877,Rainbow Conservation Camp #2,,33.427961075610796,-117.11832774136676,33.421875,-117.109375,1.07,True,False,,"33.421875,-117.109375"
10006497,Seal Beach Detention Center,,33.75270984107934,-118.08776063978296,33.765625,-118.078125,1.687,True,False,,"33.765625,-118.078125"
10006316,Fontana City Jail,,34.10164898633541,-117.43379001368056,34.109375,-117.421875,1.391,True,False,,"34.109375,-117.421875"
10006317,Garden Grove City Jail,,33.77637797128475,-117.93573132365108,33.765625,-117.921875,1.749,True,False,,"33.765625,-117.921875"
10000884,Ventura County East County Jail,,34.24764369046445,-118.83478790538416,34.234375,-118.828125,1.595,True,False,,"34.234375,-118.828125"
10000815,Santa Cruz County Juvenile Hall,,37.04370218416292,-122.04884959847284,37.046875,-122.046875,0.393,True,False,,"37.046875,-122.046875"
10001535,Riverside County Blythe Jail,,33.613244388995795,-114.59791339322456,33.609375,-114.609375,1.143,True,False,,"33.609375,-114.609375"
10005370,Lapd Hollywood Area Jail,,34.09577047236163,-118.33065860825457,34.109375,-118.328125,1.528,True,False,,"34.109375,-118.328125"
10005368,Lapd Metropolitan Detention Center,,34.052080277150985,-118.240951738798,34.046875,-118.234375,0.836,True,False,,"34.046875,-118.234375"
10006228,Camp Scott,,34.457183406305845,-118.48669688989436,34.453125,-118.484375,0.498,True,False,,"34.453125,-118.484375"
10006230,Transitional Facilities,,37.49315980362607,-122.22085687599696,37.484375,-122.234375,1.539,True,False,,"37.484375,-122.234375"
10005369,Lapd Foothill Area Jail,,34.253008666349736,-118.41049483281228,34.265625,-118.421875,1.747,True,False,,"34.265625,-118.421875"
10005371,Lapd Valley Jail Section,,34.183695097941026,-118.44523606464249,34.171875,-118.453125,1.499,True,False,,"34.171875,-118.453125"
10005283,Washington Ridge Conservation Camp #44,,39.3079091221786,-120.93491737585298,39.296875,-120.921875,1.66,True,False,,"39.296875,-120.921875"
10005340,Cois M. Byrd Detention Center,,33.581147847246136,-117.12241672177,33.578125,-117.109375,1.252,True,False,,"33.578125,-117.109375"
10005341,Indio Juvenile Hall,,33.70339507605988,-116.22241251718144,33.703125,-116.234375,1.105,True,False,,"33.703125,-116.234375"
10006222,Camp Miller,,34.093640682980926,-118.83823161297744,34.078125,-118.828125,1.957,True,False,,"34.078125,-118.828125"
10006225,Camp Paige,,34.152893963471456,-117.7445140430745,34.140625,-117.734375,1.65,True,False,,"34.140625,-117.734375"
10005300,Stanislaus County Men's Jail,,37.640028286509654,-120.99654693026912,37.640625,-120.984375,1.072,True,False,,"37.640625,-120.984375"
10005352,Santa Barbara County Medium Security Facility,,34.44605863466011,-119.77662913612724,34.453125,-119.765625,1.277,True,False,,"34.453125,-119.765625"
10000799,California Health Care Facility (CHCF),CHCF,37.89778736654379,-121.1905848230992,37.890625,-121.203125,1.356,True,False,,"37.890625,-121.203125"
10001537,East Mesa Reentry Facility,,32.588806952285296,-116.91889669723231,32.578125,-116.921875,1.218,True,False,,"32.578125,-116.921875"
10006712,Stanislaus County Public Safety Center Unit 1 And Unit 2,,37.58469199864496,-120.98530101477655,37.578125,-120.984375,0.733,True,False,,"37.578125,-120.984375"
10006483,Arcadia Police Department Jail,,34.13664247675464,-118.039708639047,34.140625,-118.046875,0.793,True,False,,"34.140625,-118.046875"
10006484,Azusa Police Department Jail,,34.1348471024137,-117.90660066978482,34.140625,-117.921875,1.543,True,False,,"34.140625,-117.921875"
10006485,Beverly Hills Jail,,34.073707405399574,-118.39985494688511,34.078125,-118.390625,0.98,True,False,,"34.078125,-118.390625"
10005273,Chamberlain Creek Conservation Camp #17,,39.35761682929475,-123.55627164419816,39.359375,-123.546875,0.83,True,False,,"39.359375,-123.546875"
10002352,Burbank City Jail,,34.18344638964236,-118.30845716063072,34.171875,-118.296875,1.668,True,False,,"34.171875,-118.296875"
10000780,Folsom State Prison (FOL),FOL,38.69538346625723,-121.1630323451162,38.703125,-121.171875,1.151,True,False,,"38.703125,-121.171875"
10002344,McFarland Female Community Reentry Facility,,35.667807046660805,-119.22698574189052,35.671875,-119.234375,0.805,True,False,,"35.671875,-119.234375"
10000895,Alhambra City Jail,,34.091960461497386,-118.12667840621174,34.078125,-118.140625,2.001,True,False,,"34.078125,-118.140625"
10002314,Placer County Jail,,38.93578158697222,-121.10759015408996,38.921875,-121.109375,1.551,True,False,,"38.921875,-121.109375"
10000782,Mule Creek State Prison (MCSP),MCSP,38.37074337471898,-120.95344581511613,38.359375,-120.953125,1.262,True,False,,"38.359375,-120.953125"
10005351,Youth Leadership Academy,,33.78427717878771,-117.88641503087702,33.796875,-117.890625,1.451,True,False,,"33.796875,-117.890625"
10005345,Youth Guidance Center,,33.781933227245936,-117.8831662123326,33.796875,-117.890625,1.796,True,False,,"33.796875,-117.890625"
10005346,Theo Lacy Facility,,33.781923625999724,-117.88736079825428,33.796875,-117.890625,1.687,True,False,,"33.796875,-117.890625"
10005348,Joplin Youth Center,,33.67791718589825,-117.5720756599411,33.671875,-117.578125,0.873,True,False,,"33.671875,-117.578125"
10005350,Central Jail Complex,,33.749055093408764,-117.87858088438688,33.734375,-117.890625,1.973,True,False,,"33.734375,-117.890625"
10005333,High Desert Juvenile Detention And Assesment Center,,34.63575816436559,-117.2056536197532,34.640625,-117.203125,0.588,True,False,,"34.640625,-117.203125"
10001536,Robert Presley Detention Center,,33.97880875192602,-117.37430967453528,33.984375,-117.359375,1.507,True,False,,"33.984375,-117.359375"
10005347,Orange County Juvenile Hall,,33.7849812586864,-117.88594679668442,33.796875,-117.890625,1.389,True,False,,"33.796875,-117.890625"
10006231,San Benito County Juvenile Hall,,36.882705577003165,-121.41202368335358,36.890625,-121.421875,1.24,True,False,,"36.890625,-121.421875"
10000862,John J. Benoit Detention Center,,33.71389710445651,-116.22170360532692,33.703125,-116.234375,1.673,True,False,,"33.703125,-116.234375"
10005269,Plumas County Correctional Facility,,39.93342338185887,-120.9078241146987,39.921875,-120.921875,1.753,True,False,,"39.921875,-120.921875"
10000779,Rio Cosumnes Correctional Center,,38.30639934939619,-121.42332506830044,38.296875,-121.421875,1.065,True,False,,"38.296875,-121.421875"
10005330,Regional Youth Educational Facility,,34.12908750028364,-117.2698025112236,34.140625,-117.265625,1.337,True,False,,"34.140625,-117.265625"
10000860,Riverside County Juvenile Hall,,33.92015344766866,-117.45258276134564,33.921875,-117.453125,0.198,True,False,,"33.921875,-117.453125"
10006706,South Placer Jail,,38.80841284215149,-121.30157845897398,38.796875,-121.296875,1.344,True,False,,"38.796875,-121.296875"
10001538,George F Bailey Detention Facility,,32.590543113063475,-116.92149827863445,32.578125,-116.921875,1.379,True,False,,"32.578125,-116.921875"
10005344,Southwest Juvenile Hall,,33.58079488429191,-117.11979655719516,33.578125,-117.109375,1.008,True,False,,"33.578125,-117.109375"
10005354,East Mesa Juvenile Detention Facility,,32.590858306967554,-116.91812114373408,32.578125,-116.921875,1.456,True,False,,"32.578125,-116.921875"
10000876,Las Colinas Detention And Reentry Facility,,32.842112726419444,-116.97338191264392,32.828125,-116.984375,1.861,True,False,,"32.828125,-116.984375"
10005360,Facility 8 Detention Facility,,32.59134370566924,-116.92328667495188,32.578125,-116.921875,1.473,True,False,,"32.578125,-116.921875"
10005307,San Francisco General Hospital Ward 7D / 7L,,37.75575802266862,-122.40447005119576,37.765625,-122.390625,1.636,True,False,,"37.765625,-122.390625"
10005356,Girls Rehabilitation Facility,,32.79469992229926,-117.15229112960223,32.796875,-117.140625,1.115,True,False,,"32.796875,-117.140625"
10001525,San Francisco County Jail #2,,37.77525144567049,-122.40490521229466,37.765625,-122.390625,1.647,True,False,,"37.765625,-122.390625"
10000872,San Diego Central Jail,,32.71725211349196,-117.16427157272356,32.703125,-117.171875,1.721,True,False,,"32.703125,-117.171875"
10005358,Vista Detention Facility,,33.19185669461099,-117.25692822932726,33.203125,-117.265625,1.489,True,False,,"33.203125,-117.265625"
10000875,Kearny Mesa Juvenile Detention Facility,,32.794226714904966,-117.1533898985926,32.796875,-117.140625,1.227,True,False,,"32.796875,-117.140625"
10000798,San Joaquin County Jail,,37.88571630267671,-121.29514967185196,37.890625,-121.296875,0.565,True,False,,"37.890625,-121.296875"
10000795,San Joaquin County Jail (Honor Farm),,37.88450335521423,-121.30063185290682,37.890625,-121.296875,0.755,True,False,,"37.890625,-121.296875"
10001534,San Luis Obispo Juvenile Hall / Service Center,,35.32137388763984,-120.71913149908312,35.328125,-120.734375,1.571,True,False,,"35.328125,-120.734375"
10005339,San Luis Obispo County Honor Farm Jail,,35.32008468936467,-120.71574744929144,35.328125,-120.703125,1.45,True,False,,"35.328125,-120.703125"
10006709,Maple Street Correctional Center,,37.49271532620894,-122.21912359465084,37.484375,-122.234375,1.631,True,False,,"37.484375,-122.234375"
10002333,Elmwood Correctional Complex,,37.41857358803495,-121.90826096495222,37.421875,-121.921875,1.255,True,False,,"37.421875,-121.921875"
10006710,Los Prietos Boys Camp,,34.54403216104945,-119.77705581302736,34.546875,-119.765625,1.092,True,False,,"34.546875,-119.765625"
10005353,Santa Barbara County Santa Maria Station Jail,,34.8820997891649,-120.44654682784352,34.890625,-120.453125,1.12,True,False,,"34.890625,-120.453125"
10005260,Shasta County Jail,,40.581341110839354,-122.3961983707309,40.578125,-122.390625,0.59,True,False,,"40.578125,-122.390625"
10005321,Santa Cruz Rountree Medium Security Facility,,36.91382082681037,-121.8097597235208,36.921875,-121.796875,1.452,True,False,,"36.921875,-121.796875"
10006232,Santa Clara County Main Jail Complex (South),,37.35101112246267,-121.9059750533212,37.359375,-121.890625,1.642,True,False,,"37.359375,-121.890625"
10005317,William F. James Ranch,,37.167688466801366,-121.64668361685963,37.171875,-121.640625,0.709,True,False,,"37.171875,-121.640625"
10005246,Charlie's Place Juvenile Day Reporting Center,,41.70814455541497,-122.63516451171624,41.703125,-122.640625,0.718,True,False,,"41.703125,-122.640625"
10002328,Stanislaus County Public Safety Center,,37.58464851762791,-120.98997965152364,37.578125,-120.984375,0.876,True,False,,"37.578125,-120.984375"
10000787,Solano County Claybank Detention Facility,,38.27466985440152,-121.9999655085075,38.265625,-121.984375,1.689,True,False,,"38.265625,-121.984375"
10001528,Santa Cruz Blaine Street Facility,,36.98062037922893,-122.02368691172828,36.984375,-122.015625,0.827,True,False,,"36.984375,-122.015625"
10005259,Shasta County Juvenile Hall,,40.54877363345071,-122.37903034906776,40.546875,-122.390625,1.0,True,False,,"40.546875,-122.390625"
10002321,Sonoma County Main Adult Detention Facility,,38.46729912018051,-122.72636627453036,38.453125,-122.734375,1.72,True,False,,"38.453125,-122.734375"
10005268,Tehama County Juvenile Detention Facility,,40.17081458396152,-122.2535441639448,40.171875,-122.265625,1.031,True,False,,"40.171875,-122.265625"
10005247,Siskiyou County Jail,,41.73061853007981,-122.63942281132562,41.734375,-122.640625,0.429,True,False,,"41.734375,-122.640625"
10005279,Maxine Singer Youth Guidance Center,,39.150533216033175,-121.59901636846423,39.140625,-121.609375,1.416,True,False,,"39.140625,-121.609375"
10002337,Tulare County Adult Pre-Trial Facility,,36.455097924738425,-119.3212963420362,36.453125,-119.328125,0.648,True,False,,"36.453125,-119.328125"
10002329,Stanislaus County Juvenile Hall And Commitment Facility,,37.6621433321267,-121.04312110071773,37.671875,-121.046875,1.129,True,False,,"37.671875,-121.046875"
10002335,Tulare County Juvenile Detention Facility,,36.459985601850285,-119.32306031943332,36.453125,-119.328125,0.886,True,False,,"36.453125,-119.328125"
10005255,Trinity County Juvenile Hall,,40.74978944878197,-122.9239474369582,40.734375,-122.921875,1.72,True,False,,"40.734375,-122.921875"
10002334,Tulare County Probation Youth Facility,,36.45910316552269,-119.32517720490618,36.453125,-119.328125,0.714,True,False,,"36.453125,-119.328125"
10005257,Trinity County Sheriffs Department,,40.73648742589344,-122.94609726979162,40.734375,-122.953125,0.636,True,False,,"40.734375,-122.953125"
10005278,Yuba - Sutter County Juvenile Hall,,39.14996004987066,-121.60011301200107,39.140625,-121.609375,1.307,True,False,,"39.140625,-121.609375"
10001523,Tuolumne County Jail,,37.98419394935426,-120.38611882763914,37.984375,-120.390625,0.395,True,False,,"37.984375,-120.390625"
10000882,Ventura County Todd Road Facility,,34.30928593996256,-119.11220945474956,34.296875,-119.109375,1.402,True,False,,"34.296875,-119.109375"
10002336,Tulare County Jail / Sheriff,,36.3281261212818,-119.31714995811475,36.328125,-119.328125,0.981,True,False,,"36.328125,-119.328125"
10000899,Hawthorne City Jail,,33.919601544152606,-118.35318367048885,33.921875,-118.359375,0.624,True,False,,"33.921875,-118.359375"
10000896,Downey City Jail,,33.940698529363736,-118.12853422450073,33.953125,-118.140625,1.773,True,False,,"33.953125,-118.140625"
10000906,Montebello City Jail,,34.0207959161168,-118.11638105213125,34.015625,-118.109375,0.863,True,False,,"34.015625,-118.109375"
10000846,Taft Modified Community Correctional Facility,,35.13415778402242,-119.44146788011987,35.140625,-119.453125,1.279,True,False,,"35.140625,-119.453125"
10005365,Vernon City Jail (Holding Facility),,34.004594416549466,-118.23087236982576,34.015625,-118.234375,1.266,True,False,,"34.015625,-118.234375"
10005304,Fremont Detention Facility,,37.55219822678668,-121.9681860469508,37.546875,-121.953125,1.451,True,False,,"37.546875,-121.953125"
10000845,Shafter Modified Community Correctional Facility,,35.495318067849404,-119.25905776312544,35.484375,-119.265625,1.352,True,False,,"35.484375,-119.265625"
10000843,Delano Modified Community Correctional Facility,,35.76564031898252,-119.30429085361187,35.765625,-119.296875,0.668,True,False,,"35.765625,-119.296875"
10006482,Anaheim Detention Facility,,33.83019210335317,-117.91905930414576,33.828125,-117.921875,0.346,True,False,,"33.828125,-117.921875"
10006903,Ontario City Jail,,34.02929606104588,-117.59681333407,34.015625,-117.609375,1.907,True,False,,"34.015625,-117.609375"
10006902,Huntington Beach City Jail,,33.677626503376,-118.00088530130684,33.671875,-118.015625,1.504,True,False,,"33.671875,-118.015625"
10006904,Hayward Detention Facility,,37.65752960106487,-122.0969066128883,37.671875,-122.109375,1.933,True,False,,"37.671875,-122.109375"
10006905,Pasadena Jail,,34.14918573594655,-118.14481080966269,34.140625,-118.140625,1.025,True,False,,"34.140625,-118.140625"
10006494,Fullerton City Jail,,33.87085843600594,-117.92818641617431,33.859375,-117.921875,1.401,True,False,,"33.859375,-117.921875"
10006493,El Monte Jail,,34.07158043477895,-118.0302635150937,34.078125,-118.015625,1.529,True,False,,"34.078125,-118.015625"
10006906,Berkeley Jail Facility,,37.87020999993821,-122.27328174212134,37.859375,-122.265625,1.377,True,False,,"37.859375,-122.265625"
10006499,West Covina Jail,,34.07130466380657,-117.93886373342276,34.078125,-117.953125,1.514,True,False,,"34.078125,-117.953125"
10005271,Butte County Jail,,39.52949746158004,-121.5745062299414,39.515625,-121.578125,1.571,True,False,,"39.515625,-121.578125"
10006490,Costa Mesa Jail,,33.6633743002085,-117.9041902557805,33.671875,-117.890625,1.569,True,False,,"33.671875,-117.890625"
10005298,Calaveras County Jail,,38.19353619014131,-120.66538822180613,38.203125,-120.671875,1.205,True,False,,"38.203125,-120.671875"
10006907,South Gate Jail,,33.95672114568816,-118.205100443669,33.953125,-118.203125,0.439,True,False,,"33.953125,-118.203125"
10006698,Camp Wilmont Sweeney,,37.71256207654158,-122.11612045675584,37.703125,-122.109375,1.203,True,False,,"37.703125,-122.109375"
10002324,Marsh Creek Detention Facility,,37.8944241433025,-121.86505370001386,37.890625,-121.859375,0.652,True,False,,"37.890625,-121.859375"
10006908,Santa Monica Jail,,34.01221467658367,-118.49079223643082,34.015625,-118.484375,0.701,True,False,,"34.015625,-118.484375"
10005286,Colusa County Jail,,39.205571786654794,-122.00325941610808,39.203125,-122.015625,1.098,True,False,,"39.203125,-122.015625"
10006500,Whittier Jail,,33.97496527739392,-118.03462367231562,33.984375,-118.046875,1.537,True,False,,"33.984375,-118.046875"
10005312,Fresno County Jail North Annex,,36.738616880263095,-119.79041979901356,36.734375,-119.796875,0.743,True,False,,"36.734375,-119.796875"
10006440,South Lake Juvenile Treatment Center,,38.935201491263825,-119.97219591552351,38.921875,-119.984375,1.815,True,False,,"38.921875,-119.984375"
10006486,Buena Park City Jail,,33.86413456620653,-117.99695734946756,33.859375,-117.984375,1.274,True,False,,"33.859375,-117.984375"
10005311,Fresno County Main Detention Facility,,36.73819529451567,-119.7899519676438,36.734375,-119.796875,0.748,True,False,,"36.734375,-119.796875"
10002312,Glenn County Jail,,39.519679878877575,-122.2003805703925,39.515625,-122.203125,0.508,True,False,,"39.515625,-122.203125"
10005313,Fresno County Jail South Annex,,36.737340306481336,-119.78920805046889,36.734375,-119.796875,0.757,True,False,,"36.734375,-119.796875"
10005254,Humboldt County Correctional Facility,,40.80297362800573,-124.16156606209246,40.796875,-124.171875,1.099,True,False,,"40.796875,-124.171875"
10000880,Imperial County Jail,,32.74730136464732,-115.56369468007372,32.734375,-115.578125,1.968,True,False,,"32.734375,-115.578125"
10006496,Redondo Beach Jail,,33.84487497243068,-118.38832350793837,33.859375,-118.390625,1.623,True,False,,"33.859375,-118.390625"
10002356,Century Regional Detention Center,,33.92808328856635,-118.22748820851368,33.921875,-118.234375,0.937,True,False,,"33.921875,-118.234375"
10005336,Kern County Lerdo Pre-Trial Facility,,35.509232224714665,-119.11066155139858,35.515625,-119.109375,0.719,True,False,,"35.515625,-119.109375"
10005334,Larry J Rhoades Kern Crossroads Facility,,35.50544049501467,-119.11506321759109,35.515625,-119.109375,1.242,True,False,,"35.515625,-119.109375"
10002343,Kern County Central Receiving Facility,,35.372514913991346,-119.01775467607553,35.359375,-119.015625,1.471,True,False,,"35.359375,-119.015625"
10000889,Inmate Reception Center,,34.05882860956883,-118.2307921797654,34.046875,-118.234375,1.367,True,False,,"34.046875,-118.234375"
10005280,Lake County Hill Road Jail,,39.104174901130456,-122.91333000554673,39.109375,-122.921875,0.935,True,False,,"39.109375,-122.921875"
10006704,Mariposa County Juvenile Detention Facility,,37.488618729358855,-119.96803812171764,37.484375,-119.953125,1.395,True,False,,"37.484375,-119.953125"
10006909,Huntington Park Jail,,33.9796633125608,-118.21863230920243,33.984375,-118.203125,1.52,True,False,,"33.984375,-118.203125"
10000912,Barry J Nidorf Juvenile Hall,,34.315820791234124,-118.48324565628825,34.328125,-118.484375,1.37,True,False,,"34.328125,-118.484375"
10005262,Lassen County Juvenile Detention Facility,,40.42450028814349,-120.64836918474327,40.421875,-120.640625,0.716,True,False,,"40.421875,-120.640625"
10000888,Men's Central Jail,,34.060423389772325,-118.23112916876896,34.046875,-118.234375,1.533,True,False,,"34.046875,-118.234375"
10000803,Madera County Juvenile Detention Facility,,36.95303248598929,-120.03571367061356,36.953125,-120.046875,0.99,True,False,,"36.953125,-120.046875"
10001524,Marin County Jail,,37.999504270594485,-122.53252445910216,37.984375,-122.546875,2.097,True,False,,"37.984375,-122.546875"
10000807,Merced County Jail,,37.30716956554306,-120.48382018893972,37.296875,-120.484375,1.144,True,False,,"37.296875,-120.484375"
10005306,Mariposa County Adult Detention Facility,,37.49996234905585,-119.987694996906,37.484375,-119.984375,1.755,True,False,,"37.484375,-119.984375"
10005250,Modoc County Jail,,41.483803440499145,-120.54072090870048,41.484375,-120.546875,0.516,True,False,,"41.484375,-120.546875"
10005295,Mono County Jail,,38.25701172449448,-119.2281627852132,38.265625,-119.234375,1.099,True,False,,"38.265625,-119.234375"
10005284,Wayne Brown Correctional Facility,,39.268673229848154,-121.02790388529456,39.265625,-121.015625,1.108,True,False,,"39.265625,-121.015625"
10000890,Pitchess Detention Center-North,,34.46919331550016,-118.60482801608542,34.484375,-118.609375,1.736,True,False,,"34.484375,-118.609375"
10005375,Twin Towers Correctional Facility,,34.058445694210576,-118.23061700116908,34.046875,-118.234375,1.33,True,False,,"34.046875,-118.234375"
10002319,Napa County Jail,,38.296730767207286,-122.2843068502495,38.296875,-122.296875,1.095,True,False,,"38.296875,-122.296875"
10002311,Mendocino County Jail / Sheriff,,39.16039412256435,-123.220204359166,39.171875,-123.234375,1.764,True,False,,"39.171875,-123.234375"
10005291,Napa County Juvenile Justice Center,,38.28828227700995,-122.29963939302542,38.296875,-122.296875,0.984,True,False,,"38.296875,-122.296875"
10005274,Mendocino County Juvenile Hall,,39.15926394896029,-123.21691581616892,39.171875,-123.203125,1.835,True,False,,"39.171875,-123.203125"
10001530,California Correctional Institution (CCI),CCI,35.10991555190383,-118.57033067748,35.109375,-118.578125,0.71,True,False,,"35.109375,-118.578125"
10000836,California Institution For Men (CIM),CIM,33.98471244959707,-117.68239170046569,33.984375,-117.671875,0.969,True,False,,"33.984375,-117.671875"
10000850,Golden State Annex,,35.669938224404156,-119.22807495791346,35.671875,-119.234375,0.607,True,False,,"35.671875,-119.234375"
10000851,Central Valley Annex,,35.66816608613756,-119.22874700161184,35.671875,-119.234375,0.653,True,False,,"35.671875,-119.234375"
10000817,Correctional Training Facility (CTF),CTF,36.46964827416208,-121.38223254073095,36.484375,-121.390625,1.798,True,False,,"36.484375,-121.390625"
10002341,California Institution For Women (CIW),CIW,33.94974539755923,-117.6363650322742,33.953125,-117.640625,0.543,True,False,,"33.953125,-117.640625"
10000785,California Medical Facility (CMF),CMF,38.3285102029971,-121.97916451130509,38.328125,-121.984375,0.456,True,False,,"38.328125,-121.984375"
10000786,Delta Conservation Camp #8,,38.217626008443645,-121.84722364621932,38.203125,-121.859375,1.927,True,False,,"38.203125,-121.859375"
10000857,California Rehabilitation Center (CRC),CRC,33.9292530412966,-117.5725312861978,33.921875,-117.578125,0.968,True,False,,"33.921875,-117.578125"
10005282,Konocti Conservation Camp #27,,38.91057030566233,-122.7077601724924,38.921875,-122.703125,1.317,True,False,,"38.921875,-122.703125"
10006347,La Cima Conservation Camp #42,,32.93893654769131,-116.53689248814348,32.953125,-116.546875,1.829,True,False,,"32.953125,-116.546875"
10002322,"California State Prison, Sacramento (SAC)",SAC,38.694444232143624,-121.15390376526624,38.703125,-121.140625,1.501,True,False,,"38.703125,-121.140625"
10000811,Miramonte Conservation Camp #5,,36.672531545811935,-119.08573875853784,36.671875,-119.078125,0.682,True,False,,"36.671875,-119.078125"
10002353,California State Prison-Los Angeles County (LAC),LAC,34.693596500791955,-118.2276135961975,34.703125,-118.234375,1.225,True,False,,"34.703125,-118.234375"
10002349,Acton Conservation Camp #11,,34.437431767090374,-118.287350782123,34.421875,-118.296875,1.934,True,False,,"34.421875,-118.296875"
10000790,San Quentin State Prison (SQ),SQ,37.940039851419016,-122.4903665969169,37.953125,-122.515625,2.646,False,True,manual override (contiguous land WNW),"37.953125,-122.515625"
10000847,Wasco State Prison (WSP),WSP,35.59431194493489,-119.40833193657431,35.609375,-119.421875,2.071,True,False,,"35.609375,-119.421875"
10002340,Desert View Annex,,34.55992220018533,-117.4373207394121,34.546875,-117.421875,2.023,True,False,,"34.546875,-117.421875"
10000879,Puerta La Cruz Conservation Camp #14,,33.32449679713223,-116.68321048338171,33.328125,-116.671875,1.126,True,False,,"33.328125,-116.671875"
10000808,John Latorraca Correctional Facility,,37.189420106543345,-120.53775921676562,37.203125,-120.546875,1.722,True,False,,"37.203125,-120.546875"
10000841,North Kern State Prison (NKSP),NKSP,35.78188517301339,-119.30987566982682,35.796875,-119.296875,2.034,True,False,,"35.796875,-119.296875"
10005299,Vallecito Conservation Camp #1,,38.106427356926375,-120.48874358476203,38.109375,-120.484375,0.503,True,False,,"38.109375,-120.484375"
10006532,Department Of State Hospitals - Atascadero,,35.46406026013646,-120.6348665784761,35.453125,-120.640625,1.321,True,False,,"35.453125,-120.640625"
10001522,Sierra Conservation Center (SCC),SCC,37.89168865412792,-120.53654018648405,37.890625,-120.546875,0.913,True,False,,"37.890625,-120.546875"
10000784,Pine Grove Conservation Camp,,38.4117068986096,-120.63947541383544,38.421875,-120.640625,1.133,True,False,,"38.421875,-120.640625"
10000856,Norco Conservation Camp #0,,33.92691793871164,-117.57594424895476,33.921875,-117.578125,0.595,True,False,,"33.921875,-117.578125"
10006531,Department Of State Hospitals - Coalinga,,36.13343268870778,-120.24044350195224,36.140625,-120.234375,0.966,True,False,,"36.140625,-120.234375"
10000902,Francisquito Conservation Camp #4,,34.565337588031426,-118.47580837113031,34.578125,-118.484375,1.621,True,False,,"34.578125,-118.484375"
10005253,High Rock Conservation Camp #32,,40.375077084153816,-123.9312622305967,40.390625,-123.921875,1.9,True,False,,"40.390625,-123.921875"
10000838,Oak Glen Conservation Camp #35,,34.03332926365807,-116.90609379198143,34.046875,-116.890625,2.07,True,False,,"34.046875,-116.890625"
10000844,Kern Valley State Prison (KVSP),KVSP,35.76647451591408,-119.32536275967016,35.765625,-119.328125,0.266,True,False,,"35.765625,-119.328125"
10000861,Ironwood State Prison (ISP),ISP,33.56097662668156,-114.9260675684116,33.546875,-114.921875,1.613,True,False,,"33.546875,-114.921875"
10000821,Salinas Valley State Prison (SVSP),SVSP,36.47885711260287,-121.37439425565836,36.484375,-121.359375,1.474,True,False,,"36.484375,-121.359375"
10005272,Parlin Fork Conservation Camp #6,,39.36977478501272,-123.6556177393927,39.359375,-123.640625,1.729,True,False,,"39.359375,-123.640625"
10000870,South Bay Detention Facility,,32.63304064341742,-117.07753111701798,32.640625,-117.078125,0.844,True,False,,"32.640625,-117.078125"
10006220,Camp Gonzales,,34.08770877517197,-118.70768791922296,34.078125,-118.703125,1.144,True,False,,"34.078125,-118.703125"
10005296,Amador County Jail,,38.351538648718005,-120.76931828684096,38.359375,-120.765625,0.927,True,False,,"38.359375,-120.765625"
10006226,Camp Rockey,,34.1345449734149,-117.79496229533272,34.140625,-117.796875,0.697,True,False,,"34.140625,-117.796875"
10002338,Bob Wiley Detention Facility,,36.45663045552659,-119.32069305186393,36.453125,-119.328125,0.769,True,False,,"36.453125,-119.328125"
10006229,Camp Scudder,,34.45854032992573,-118.4828038923584,34.453125,-118.484375,0.618,True,False,,"34.453125,-118.484375"
10005289,El Dorado County Jail - South Lake Tahoe,,38.9340685149632,-119.97213762662253,38.921875,-119.984375,1.717,True,False,,"38.921875,-119.984375"
10005288,El Dorado County Jail - Placerville,,38.72391175979539,-120.82363571641528,38.734375,-120.828125,1.225,True,False,,"38.734375,-120.828125"
10005270,Butte County Juvenile Hall,,39.529692691577225,-121.57051867645444,39.515625,-121.578125,1.692,True,False,,"39.515625,-121.578125"
10000900,Camp Afflerbaugh,,34.15309188637279,-117.74191185518086,34.140625,-117.734375,1.547,True,False,,"34.140625,-117.734375"
10005320,Inyo County Jail,,36.79894438134117,-118.19380693837496,36.796875,-118.203125,0.859,True,False,,"36.796875,-118.203125"
10006705,Carl F. Bryan II Juvenile Hall,,39.26565985450622,-121.03245172516118,39.265625,-121.046875,1.24,True,False,,"39.265625,-121.046875"
10006703,Camp Erwin Owen,,35.76932479905095,-118.42746270426794,35.765625,-118.421875,0.65,True,False,,"35.765625,-118.421875"
10000834,Central Detention Center,,34.10242616729506,-117.27345082727165,34.109375,-117.265625,1.055,True,False,,"34.109375,-117.265625"
10000827,Kings County Jail,,36.33368353541322,-119.66961592010344,36.328125,-119.671875,0.649,True,False,,"36.328125,-119.671875"
10006702,Fresno County Juvenile Justice Campus,,36.65951325902287,-119.72474618057136,36.671875,-119.734375,1.618,True,False,,"36.671875,-119.734375"
10005331,West Valley Detention Center,,34.08118905127584,-117.52915047961852,34.078125,-117.515625,1.289,True,False,,"34.078125,-117.515625"
10000828,High Desert Detention Center,,34.5475073764621,-117.45763172644712,34.546875,-117.453125,0.418,True,False,,"34.546875,-117.453125"
10005325,Kings County Juvenile Detention Center,,36.33158401889679,-119.66762056058052,36.328125,-119.671875,0.541,True,False,,"36.328125,-119.671875"
10002331,Santa Rita Jail,,37.71784061903257,-121.88779040170296,37.703125,-121.890625,1.652,True,False,,"37.703125,-121.890625"
20000100,Trinity County Correctional Facility,,40.750736220204836,-122.92319829648272,40.765625,-122.921875,1.656,True,False,,"40.765625,-122.921875"
10000775,Lassen County Adult Detention Facility,,40.42573469368667,-120.65008647053216,40.421875,-120.640625,0.907,True,False,,"40.421875,-120.640625"
10006699,John A. Davis Juvenile Hall,,37.98822234273883,-122.08867712061308,37.984375,-122.078125,1.017,True,False,,"37.984375,-122.078125"
10000809,Iris Garrett Juvenile Justice Complex,,37.18771223201478,-120.54145188502224,37.203125,-120.546875,1.777,True,False,,"37.203125,-120.546875"
10002325,West County Detention Facility,,37.99541519496946,-122.35366094214724,37.984375,-122.359375,1.323,True,False,,"37.984375,-122.359375"
10000778,Sacramento County Main Jail,,38.583018280359575,-121.4975209718283,38.578125,-121.484375,1.263,True,False,,"38.578125,-121.484375"
10005349,James A Musick Facility,,33.66397649112649,-117.69931931581662,33.671875,-117.703125,0.945,True,False,,"33.671875,-117.703125"
10005308,Madera Adult Correctional Facility,,36.95420893495739,-120.03497358639753,36.953125,-120.046875,1.063,True,False,,"36.953125,-120.046875"
10000791,Marin County Juvenile Hall,,38.02754018293216,-122.56630899802622,38.015625,-122.578125,1.678,True,False,,"38.015625,-122.578125"
10005335,Mojave Jail,,35.04626018655627,-118.1625003600632,35.046875,-118.171875,0.855,True,False,,"35.046875,-118.171875"
10005337,Kern County Lerdo Maximum-Medium Facility,,35.510712769404066,-119.11037865485692,35.515625,-119.109375,0.553,True,False,,"35.515625,-119.109375"
10005338,Kern County Lerdo Minimum Facility,,35.51247844150768,-119.11013689243094,35.515625,-119.109375,0.356,True,False,,"35.515625,-119.109375"
10002326,Martinez Detention Facility,,38.01736383431603,-122.13224601906312,38.015625,-122.140625,0.758,True,False,,"38.015625,-122.140625"
10002313,Yuba County Jail,,39.14114653002424,-121.58690840125676,39.140625,-121.578125,0.758,True,False,,"39.140625,-121.578125"
10006439,Placer County Juvenile Detention Center,,38.93667972767868,-121.10931248260697,38.921875,-121.109375,1.643,True,False,,"38.921875,-121.109375"
10006707,Sacramento County Youth Detention Facility,,38.54604226446235,-121.3405908477844,38.546875,-121.328125,1.086,True,False,,"38.546875,-121.328125"
10001526,San Francisco County Jail #2 Annex,,37.77546199277186,-122.40416818642215,37.765625,-122.390625,1.614,True,False,,"37.765625,-122.390625"
10000805,San Francisco County Jail #3,,37.62744097672951,-122.4603625644674,37.640625,-122.453125,1.596,True,False,,"37.640625,-122.453125"
10000854,San Luis Obispo County Jail,,35.32070973785056,-120.7267914288845,35.328125,-120.734375,1.072,True,False,,"35.328125,-120.734375"
10000797,San Joaquin County Juvenile Hall,,37.88362185715131,-121.29059713126162,37.890625,-121.296875,0.952,True,False,,"37.890625,-121.296875"
10000820,Monterey County Youth Center,,36.678865705631374,-121.62745479242824,36.671875,-121.640625,1.406,True,False,,"36.671875,-121.640625"
10006711,Solano County Stanton Correctional Facility,,38.27371914804761,-121.99938649727412,38.265625,-121.984375,1.587,True,False,,"38.265625,-121.984375"
10005315,Santa Clara County Main Jail Complex (North),,37.351471306559965,-121.90623800435311,37.359375,-121.890625,1.633,True,False,,"37.359375,-121.890625"
10000818,Monterey County Jail / Rehabilitation Facility,,36.6990536439476,-121.6303604023972,36.703125,-121.640625,1.019,True,False,,"36.703125,-121.640625"
10001529,Santa Cruz County Main Jail,,36.98011161131043,-122.02381977917152,36.984375,-122.015625,0.867,True,False,,"36.984375,-122.015625"
10005314,Santa Clara County Juvenile Hall,,37.34970166305614,-121.90715984251057,37.359375,-121.921875,1.685,True,False,,"37.359375,-121.921875"
10000788,Solano County Justice Center Detention Facility,,38.24734151191261,-122.0393212229116,38.234375,-122.046875,1.583,True,False,,"38.234375,-122.046875"
10000868,Santa Maria Juvenile Hall,,34.8809478871633,-120.44720314021224,34.890625,-120.453125,1.202,True,False,,"34.890625,-120.453125"
10000819,Monterey County Juvenile Hall,,36.700423193185415,-121.63243384862332,36.703125,-121.640625,0.788,True,False,,"36.703125,-121.640625"
10005277,Sierra County Jail Temporary Holding Facility,,39.558897821651826,-120.83026440189096,39.546875,-120.828125,1.347,True,False,,"39.546875,-120.828125"
10005293,Sonoma County Juvenile Hall,,38.44154467199271,-122.5821207731632,38.453125,-122.578125,1.332,True,False,,"38.453125,-122.578125"
10005297,Solano County Juvenile Detention Facility,,38.251590132038416,-122.0642316186344,38.265625,-122.078125,1.973,True,False,,"38.265625,-122.078125"
10005294,Sonoma County Probation Camp,,38.504195449308106,-122.8691064487371,38.515625,-122.859375,1.525,True,False,,"38.515625,-122.859375"
10002320,North County Detention Facility,,38.513140047609944,-122.80147808524178,38.515625,-122.796875,0.486,True,False,,"38.515625,-122.796875"
10000865,Santa Barbara County Main Jail,,34.44490502379509,-119.77712765160398,34.453125,-119.765625,1.393,True,False,,"34.453125,-119.765625"
10000886,Ventura County Pre-Trial Detention Facility (Main Jail),,34.26940988794384,-119.20927538337398,34.265625,-119.203125,0.703,True,False,,"34.265625,-119.203125"
10000885,Ventura County Juvenile Justice Complex,,34.25611380659831,-119.15972354105072,34.265625,-119.171875,1.535,True,False,,"34.265625,-119.171875"
10002317,Yolo County Monroe Detention Center,,38.659879421445865,-121.7314816044994,38.671875,-121.734375,1.355,True,False,,"38.671875,-121.734375"
