facilityid,name,cdcr_code,tract_geoid,loca2_days_over_avg_plus10_historic,loca2_days_over_avg_plus10_midcentury,loca2_nights_over_p95_historic,loca2_nights_over_p95_midcentury,loca2_days_over_90_historic,loca2_days_over_90_midcentury,loca2_avg_summer_tmax_f,loca2_p95_tmin_f,AQI_norm,heat_hazard_historic_idx,heat_hazard_midcentury_idx
10006510,Otay Mesa Detention Center,,6073010015,13.601,31.518,13.251,33.669,19.185,41.537,81.449,67.216,68.54855261842448,30.035554481674993,72.4160018310177
10001521,Del Norte County Jail,,6015000101,8.817,17.843,11.681,27.936,0.264,0.521,66.264,56.425,22.68547964310262,19.849877813073395,43.78635828000708
10000914,Dorothy Kirby Center,,6037532302,11.347,30.369,13.86,44.916,40.457,76.901,85.467,69.626,88.9351747111312,29.128792357383066,85.76643632652143
10006313,Baldwin Park Jail,,6037405201,9.649,30.618,14.341,47.278,94.362,134.689,91.858,70.313,72.4016976051329,26.250395928349725,84.99605770550988
10006488,Claremont Jail,,6037401902,9.777,33.748,14.544,46.398,68.778,109.747,89.156,68.251,67.9024774471903,26.31576934988498,87.22784287474099
10006489,Concord Jail,,6013335000,14.938,31.995,14.564,54.817,45.646,75.295,86.645,62.475,27.923859448949433,29.66234285676442,83.70399255949685
10006495,Monrovia Jail,,6037431004,9.341,29.92,14.397,44.807,93.601,133.436,91.949,70.604,64.51850600659326,25.401869676879794,80.13446599131325
10006498,Signal Hill City Jail,,6037573402,14.07,28.919,13.087,38.966,17.797,34.678,81.042,69.71,67.69300288923333,30.416538422520755,73.9557924329272
10006492,Culver City Jail,,6037702400,13.535,26.853,12.797,34.488,6.688,14.354,77.235,68.224,75.15320011826589,30.004756838814856,68.31398405885639
10006179,FCI Mendota,,6019008304,6.027,21.683,14.442,51.411,114.473,142.38,96.812,66.091,29.69080612271456,19.37648678847831,69.24104390881348
10000864,USP Lompoc,,6083980400,18.327,33.961,11.688,29.725,1.252,2.914,68.392,58.624,5.7835066823244246,29.207745535974937,60.58942491363315
10002351,Bell City Jail,,6037533601,11.6,29.731,13.715,43.681,30.724,62.297,84.108,69.595,65.94733179975238,27.728668329431233,79.11868021583173
10000771,Alder Conservation Camp #20,,6015000203,11.264,20.088,12.359,35.375,0.17,0.586,66.839,54.234,10.371907035356335,22.3988775927984,50.778537341781075
10005258,Sugar Pine Conservation Camp #9,,6089012606,10.661,31.897,15.3,44.279,87.786,116.395,93.548,64.303,17.165021081360234,24.603433714718438,72.37113954115102
10000871,MCC San Diego,,6073005302,14.205,25.497,12.091,25.913,4.096,8.013,74.905,70.282,64.06790933737766,29.377271241150147,56.6852126681906
10005267,Salt Creek Conservation Camp #7,,6103000300,7.935,28.648,14.772,46.326,43.092,74.592,87.024,66.825,17.014585802807996,21.106991672621394,70.40167638185136
10005319,Owens Valley Conservation Camp #26,,6027000200,2.954,21.254,14.845,43.134,72.753,107.574,91.601,64.996,13.729864593976732,15.450678479353197,58.93147476641727
10005362,Ventura Conservation Camp #46,,6111009300,14.332,25.671,12.632,31.435,8.375,15.479,77.849,64.317,37.146051870096706,28.011057495584257,57.88644160394574
10000840,Prado Conservation Camp #28,,6071012202,12.821,36.912,14.406,46.871,69.626,112.261,88.659,64.35,94.40464835864269,32.07070436531676,97.78769274413919
10005275,Valley View Conservation Camp #34,,6021010300,7.313,27.258,15.388,49.278,10.409,33.208,80.99,61.503,15.881036923236897,20.85379777205195,71.06107524073923
10000874,Western Region Detention Facility,,6073005302,14.205,25.497,12.091,25.913,4.096,8.013,74.905,70.282,64.06790933737766,29.377271241150147,56.6852126681906
10000849,Mesa Verde Ice Processing Center,,6029001600,5.259,20.336,14.046,44.62,127.735,151.637,99.807,76.017,97.08006136159055,21.515344975941343,73.33489358330908
10000897,Glendale City Jail,,6037302002,11.549,33.892,14.148,46.527,47.585,87.156,86.21,69.774,87.40985046920167,29.581288885430983,91.79039816254844
10000911,Torrance City Jail,,6037650401,12.866,25.594,12.718,33.348,6.206,12.836,76.932,68.063,60.5920798641491,28.020392059360482,63.23421614555465
10000777,Sutter County Jail,,6101050604,7.751,26.48,14.386,44.453,100.241,128.888,94.884,66.037,62.49098892011593,23.253123852192513,75.04836466333617
10000823,Tulare County Men's Correctional Facility,,6107000902,4.43,22.889,14.275,49.534,106.156,136.616,95.123,61.477,71.28544736726559,19.374212801279807,76.93708077245451
10005263,Antelope Conservation Camp #25,,6035040400,7.436,33.717,15.626,48.925,51.943,84.414,88.419,55.959,23.94519366034654,21.67662747945035,79.77029348318518
10000772,Herlong FCI,,6035040600,7.047,31.688,14.983,48.037,47.537,82.49,87.675,56.484,23.751426275964704,20.678751904969992,76.664750108217
10000814,Ben Lomond Conservation Camp #45,,6087120200,18.896,49.085,14.818,48.218,19.493,49.992,80.147,61.564,2.7356295805485904,32.0419872299895,90.95960800101824
10002347,Calipatria State Prison (CAL),CAL,6025010101,2.552,15.587,13.871,36.46,180.912,208.379,106.801,81.164,34.1657626589918,15.042798073338698,49.956145029212045
10002348,Centinela State Prison (CEN),CEN,6025012301,2.633,14.013,14.019,39.962,176.832,203.363,107.454,83.303,43.55668748025076,15.656490657233244,52.45879605313062
10006310,Adelanto Ice Processing Center,,6071009133,3.602,18.715,14.139,44.612,91.361,123.122,93.359,68.078,33.69799350922625,16.486345571644616,60.629576878561494
10005361,El Centro Service Processing Center,,6025011500,2.426,13.732,13.983,38.956,175.995,202.948,106.408,82.93,73.64135160968654,16.602698232438357,55.31345818316563
10006491,Covina Jail,,6037406101,9.741,30.991,14.314,46.024,88.895,128.953,91.346,69.714,78.07224512808314,26.71183550801995,85.45438066571516
10000781,Sacramento County Work Release,,6067005301,9.58,26.308,14.587,43.927,87.728,117.788,93.192,66.517,62.38802758006672,25.74546528910443,74.31957563777864
10000859,Larry D Smith Correctional Facility,,6065044300,5.743,26.017,14.873,46.288,97.577,135.687,93.732,66.892,69.34398105563187,21.538155105669667,77.4991048745454
10000835,Glen Helen Rehabilitation Center,,6071002706,8.464,32.253,14.757,47.7,101.808,140.128,93.876,70.79,74.14120163488239,25.222260298662952,87.89356962127712
10001539,Oxnard City Jail,,6111008700,15.413,24.753,12.224,27.188,2.791,4.907,73.712,64.968,45.40740387427645,29.577346974984597,54.26540058385903
10000891,Pitchess Detention Center-South,,6037920200,12.681,35.532,14.714,48.225,97.013,137.06,93.082,68.523,44.530683409181314,28.43750440516468,85.93049111655468
10002330,FCI Dublin Camp,,6001450102,17.514,35.493,13.864,50.159,46.947,74.754,86.165,62.396,25.602870104574666,31.8293908410606,83.2222337233542
10000863,FCI Lompoc,,6083980400,18.259,34.361,11.814,29.081,2.409,5.296,71.039,59.817,5.7835066823244246,29.23513205166479,60.506220795736176
10000833,FCI Victorville Medium I Camp,,6071980200,4.004,20.676,14.233,44.579,102.546,134.181,94.971,67.174,44.412366422434175,17.536281638828704,64.73461123991774
10000831,FCI Victorville Medium II,,6071980200,4.004,20.676,14.233,44.579,102.546,134.181,94.971,67.174,44.412366422434175,17.536281638828704,64.73461123991774
10006487,Chula Vista Jail,,6073012302,14.328,24.221,11.908,26.455,2.264,4.255,72.931,69.958,49.577480292093554,28.29080265667125,53.54919648208665
10006180,FCI Mendota Camp,,6019008304,6.027,21.683,14.442,51.411,114.473,142.38,96.812,66.091,29.69080612271456,19.37648678847831,69.24104390881348
10000887,FCI Terminal Island,,6037980031,11.941,21.521,12.262,27.929,0.696,1.818,70.009,69.481,71.60012516636843,27.17129962317545,54.54980258088493
10000867,USP Lompoc Camp,,6083980400,18.327,33.961,11.688,29.725,1.252,2.914,68.392,58.624,5.7835066823244246,29.207745535974937,60.58942491363315
10000806,USP Atwater,,6047000503,5.89,21.85,14.324,52.624,101.747,130.755,95.0,60.3,47.90599704410934,20.07566897272372,74.01160000118449
10000892,Mdc Los Angeles,,6037207400,11.727,31.008,13.691,44.433,19.709,45.589,82.04,70.472,88.6658137893167,29.453528224074336,86.09073102556818
10006299,USP Lompoc North Camp,,6083980400,18.327,33.961,11.688,29.725,1.252,2.914,68.392,58.624,5.7835066823244246,29.207745535974937,60.58942491363315
10005303,FCI Dublin,,6001450102,17.514,35.493,13.864,50.159,46.947,74.754,86.165,62.396,25.602870104574666,31.8293908410606,83.2222337233542
10005261,Herlong FCI Camp,,6035040600,7.12,31.829,15.147,48.65,49.135,84.021,87.866,55.946,23.751426275964704,20.900383222190612,77.34286285378056
10006194,USP Atwater Camp,,6047000503,5.606,21.542,14.38,53.247,97.648,127.681,94.111,61.021,47.90599704410934,19.78051367122958,74.19817632432407
10000830,USP Victorville,,6071980200,4.004,20.676,14.233,44.579,102.546,134.181,94.971,67.174,44.412366422434175,17.536281638828704,64.73461123991774
10000832,FCI Victorville Medium I,,6071980200,4.004,20.676,14.233,44.579,102.546,134.181,94.971,67.174,44.412366422434175,17.536281638828704,64.73461123991774
10002323,"California State Prison, Solano (SOL)",SOL,6095253000,14.456,31.62,14.39,41.335,56.557,91.712,88.299,62.14,40.62387437615521,29.97594960745732,74.28203594261488
10002316,Yolo County Juvenile Detention Facility,,6113011208,9.104,27.658,14.731,45.001,89.959,122.958,93.114,62.744,30.96927886288644,23.271830885560124,70.91362045551143
10002350,North County Correctional Facility,,6037920200,11.927,34.04,14.878,48.362,104.427,143.357,94.404,68.938,44.530683409181314,27.674512194724947,84.25321439934366
10002355,Central Juvenile Hall,,6037203300,11.486,32.106,13.944,45.583,36.489,72.502,84.846,69.462,89.42570214489557,29.43414894876068,88.87666297881482
10002354,Mira Loma Detention Center,,6037901003,7.021,27.765,15.148,50.155,91.275,127.294,93.332,70.297,34.084143030236156,21.389920076854636,76.12146481954301
10006242,James G Bowles Juvenile Hall,,6029001201,4.958,20.467,14.154,43.972,129.539,153.375,100.256,76.034,89.41126405171799,20.833730613118277,71.55754167582909
10000893,Long Beach City Jail,,6037576001,15.978,30.894,12.936,39.707,8.887,18.945,77.314,69.218,74.54067112367044,33.27452753297853,78.5044245772323
10006509,Imperial Regional Detention Facility,,6025011903,2.659,16.257,14.245,36.404,177.443,205.635,105.628,80.377,70.1271715307926,17.009272699387086,55.65406232617182
10006224,Camp Mendenhall,,6037920102,8.802,28.852,14.738,43.996,37.555,68.801,85.626,66.706,29.525920136022656,22.83582723763239,71.15369548489485
10006223,Camp Munz,,6037920102,8.802,28.852,14.738,43.996,37.555,68.801,85.626,66.706,29.525920136022656,22.83582723763239,71.15369548489485
10005249,Del Norte Juvenile Hall,,6015000102,8.817,17.843,11.681,27.936,0.264,0.521,66.264,56.425,16.01772803964692,19.47811640667468,42.96629891800272
10005329,Central Valley Juvenile Detention And Assessment Center,,6071006301,8.95,33.078,15.048,51.896,109.961,148.075,94.87,69.405,75.17008676034534,26.200670577014034,93.24283314927663
10000907,Monterey Park City Jail,,6037482201,11.227,30.909,13.956,45.549,49.856,88.789,86.575,69.247,65.48677517051402,27.449009399136333,82.28804507745609
10005366,Pacific Area Community Jail,,6037275500,14.213,24.898,12.293,29.763,2.942,6.011,74.019,68.017,56.35316560943965,29.00298299993045,58.38587729045256
10005364,77th Street Regional Jail,,6037239602,12.267,29.802,13.537,42.396,17.893,40.04,81.532,69.31,69.38294814850963,28.655267555095755,78.6675499947792
10006325,Santa Ana City Jail,,6059075100,14.122,30.379,13.192,37.434,24.629,47.923,82.532,69.495,57.31795467929622,29.791423641589187,72.44849143555814
10006307,Cai - Ocean View,,6073003502,15.707,31.363,12.41,31.187,9.856,20.662,77.946,69.775,47.854054981746245,30.29374156944136,66.26211802286225
10000898,Glendora City Jail,,6037401102,9.155,30.506,14.322,43.476,81.014,120.244,90.659,69.909,75.96030615486963,25.816830287645292,81.91700920458885
10005322,San Benito County Jail,,6069000100,19.151,35.014,13.664,52.801,23.494,41.649,81.121,58.173,11.659098930068499,32.232573457561635,81.61617525924103
10005309,Maguire Correctional Facility,,6081610202,12.598,26.09,13.42,46.438,16.92,34.348,81.472,60.411,31.587461535863593,26.25058537975482,70.44692029630434
10000909,Pomona City Jail,,6037408800,10.763,34.476,14.596,48.83,75.085,115.852,89.677,67.538,89.72979436070945,29.13091884943591,95.38816391481872
10006306,Cai - Boston Avenue,,6073005000,14.968,28.417,12.185,28.194,6.202,12.768,76.317,70.042,64.69747245554834,30.481689901641783,62.63107031790928
10006221,Camp Kilpatrick,,6037800406,14.514,38.816,13.767,41.051,18.365,45.367,80.982,69.646,24.456657328598137,28.219376832542288,79.04908043464958
10005266,Tehama County Jail,,6103000500,10.488,30.441,15.384,46.763,104.49,132.87,95.876,67.548,40.84955600515873,26.13363855764473,77.71939986743233
10005316,Sunnyvale Department Of Public Safety,,6085508601,12.518,23.592,12.782,36.295,14.235,26.315,80.551,62.819,34.34987941679637,25.800928681483303,59.23318866624412
10000804,Madera County Juvenile Hall,,6039000517,5.503,24.379,14.819,48.685,103.62,133.14,95.446,66.071,52.75448097603794,20.305760132187647,74.47502562339817
10007007,Kern County - Lerdo Justice Facility,,6029003900,4.853,21.654,13.896,43.626,95.849,127.143,93.686,68.771,60.68312693235608,19.045601883027455,67.86547235368666
10007001,Northern Branch Jail,,6083002503,22.985,40.303,12.113,29.89,3.118,5.84,70.67,58.839,18.951452604758344,35.933882611133576,70.2113419131919
10000826,Avenal State Prison,ASP,6031981800,6.304,20.167,13.98,40.767,97.28,126.556,94.832,71.626,34.12999199345762,19.53707097829364,59.06449077544333
10002345,California Men's Colony (CMC),CMC,6079011400,24.081,44.344,12.123,29.522,3.928,8.8,71.066,59.898,21.635279342708017,37.45791442321235,75.01635631766231
10000852,California City Correctional Center (CAC),CAC,6029006500,3.363,19.467,14.206,38.89,115.884,144.557,97.583,65.075,27.979061453150532,16.011029537119796,55.665460189052986
10000824,"California State Prison, Corcoran (COR)",COR,6031980100,4.576,19.448,14.505,51.848,117.128,144.131,97.375,68.74,61.689244197361795,19.313574416414667,72.93400842470407
10000825,Ca Substance Abuse Treatment Facility (SATF),SATF,6031980100,4.576,19.448,14.505,51.848,117.128,144.131,97.375,68.74,61.689244197361795,19.313574416414667,72.93400842470407
10000801,Central California Women's Facility (CCWF),CCWF,6039000201,5.679,23.697,14.372,50.051,102.367,132.338,94.89,61.908,54.67109503384696,20.21459723612163,75.25281721544467
10002346,Chuckawalla Valley State Prison (CVSP),CVSP,6065981000,2.102,15.897,14.443,41.678,172.941,199.681,106.524,83.875,65.61582130994081,16.29645401317537,59.546612468634194
10000869,R J Donovan Correctional Facility (RJD),RJD,6073010016,13.601,31.518,13.251,33.669,19.185,41.537,81.449,67.216,71.2991253984341,30.241124778515164,72.91163373291793
10002309,Pelican Bay State Prison (PBSP),PBSP,6015000201,13.351,23.191,12.271,38.142,1.358,1.694,69.369,55.664,21.345065727058465,25.403071467384112,58.23255289879694
10000822,Gabilan Conservation Camp #38,,6053010900,20.358,35.178,12.757,41.534,29.588,48.865,82.12,55.203,12.204984562477916,32.874116999464825,72.72398939611762
10000810,Pleasant Valley State Prison (PVSP),PVSP,6019007903,5.491,22.3,14.198,45.639,107.325,136.008,96.05,68.366,17.850388774590186,17.941092156992312,62.88309601190413
10000802,Valley State Prison (VSP),VSP,6039000201,5.693,23.6,14.415,49.51,103.01,132.857,94.972,61.85,54.67109503384696,20.27137313169066,74.63651638910125
10005251,Devils Garden Conservation Camp #40,,6049000300,11.134,39.449,15.938,54.141,17.911,51.127,81.845,51.534,18.71228306892838,25.774484632889926,89.38376413463604
10000858,Bautista Conservation Camp #36,,6065044407,7.154,28.203,14.147,44.996,46.563,87.997,86.853,67.183,26.32384661607423,20.239869578841034,70.63080935075283
10006530,Folsom Women's Facility (FWF),FWF,6067988300,7.714,24.935,14.737,42.76,61.856,93.602,89.631,65.374,42.258666363697984,22.331803784394065,67.85694310315495
10005248,Deadwood Conservation Camp #23,,6093000701,11.848,40.497,14.945,50.245,27.163,62.649,83.578,54.869,12.990105858087059,25.332011717416346,85.9002349264425
10000904,Julius Klein Conservation Camp #19,,6037930400,7.83,28.464,14.224,44.02,40.982,77.635,86.332,67.459,31.809296314286286,21.4029571998886,71.16991419730446
10005252,Eel River Conservation Camp #31,,6023011501,16.636,41.549,14.027,53.712,23.132,50.181,81.835,53.487,5.426474364696467,29.221286171338633,87.93788074498279
10005290,Growlersburg Conservation Camp #33,,6017030606,9.279,31.862,14.858,47.573,57.785,92.236,88.687,68.393,23.7521310812466,23.11746450222238,76.47160562977979
10000905,Malibu Conservation Camp #13,,6037800406,14.695,38.499,13.799,42.223,15.353,39.592,80.181,69.263,24.456657328598137,28.453161647932596,79.678191064869
10005305,Mount Bullion Conservation Camp #39,,6043000101,7.764,31.711,14.966,48.793,45.003,81.861,86.924,67.289,24.81537552132477,21.545689705576706,77.55946112525342
10002310,High Desert State Prison (HDSP),HDSP,6035040400,7.878,34.276,16.288,49.815,55.439,87.932,88.903,60.426,23.94519366034654,22.73977277625332,81.1594189158869
10000878,McCain Valley Conservation Camp #21,,6073021102,5.154,19.468,14.602,40.628,44.294,82.068,87.42,65.971,24.44041893836644,18.23453295123677,56.5911824733161
10000855,Cuesta Conservation Camp #24,,6079011505,23.021,40.713,12.065,29.318,3.574,7.528,70.728,58.132,6.192622882341113,34.632947549221306,67.65378726709869
10006204,Holton Conservation Camp #16,,6037930400,11.256,36.513,13.969,42.471,35.7,74.554,84.589,68.787,31.809296314286286,25.176160673727043,79.21478511606297
10000789,Baseline Conservation Camp #30,,6109005201,7.23,28.545,14.234,43.963,82.768,115.975,91.905,64.024,26.260337900605414,20.39748055387917,70.13289684847763
10000774,Intermountain Conservation Camp #22,,6035040100,9.428,33.196,15.22,49.924,16.497,46.094,82.013,53.347,21.332705945555812,23.432991954426345,79.43463044966282
10005328,Pilot Rock Conservation Fire Camp #15,,6071010805,6.255,27.741,14.912,48.344,12.662,40.778,81.842,66.548,40.321382334931016,20.630947666390462,75.78559492011003
10000901,Fenner Canyon Conservation Camp #41,,6037930400,3.047,13.891,13.839,40.698,0.635,4.848,77.025,59.735,31.809296314286286,15.495686348864771,51.316718226366994
10005264,Ishi Conservation Camp #18,,6103000100,9.527,33.582,14.633,47.995,64.314,99.638,89.45,66.022,23.158015809484304,23.171625953813177,78.65726682208444
10000793,O.H.Close Youth Correctional Facility,,6077005131,8.81,25.529,14.806,51.188,81.508,116.528,91.984,63.196,48.033732767090356,24.071615842618638,77.22066510794559
10005324,Mountain Home Conservation Camp #10,,6107002701,4.735,27.894,15.212,55.692,7.916,36.756,81.182,63.506,31.22351951013792,18.618282712187845,80.4501239255137
10005256,Trinity River Conservation Camp #3,,6105000102,10.121,31.142,14.52,45.701,55.066,86.481,88.208,55.176,7.923653577222203,22.73732386015954,70.78754152960578
10000877,Rainbow Conservation Camp #2,,6073019002,12.733,36.559,13.909,42.632,45.059,84.351,85.797,65.899,35.608917774031276,27.12529758151603,80.23365920549537
10006497,Seal Beach Detention Center,,6059099504,18.707,29.679,12.374,32.138,4.83,8.331,73.701,68.827,57.54877530430002,34.77418132598864,66.72480000697276
10006316,Fontana City Jail,,6071003000,9.3,33.338,14.66,49.486,101.259,139.662,93.61,70.172,69.16961716675699,25.89636801793569,89.91441405588228
10006317,Garden Grove City Jail,,6059088602,14.429,30.369,13.138,37.519,20.969,41.402,81.684,69.413,60.84203554829948,30.396147020048865,73.168664350784
10000884,Ventura County East County Jail,,6111007510,14.938,36.22,13.746,39.535,36.981,70.229,84.182,69.313,25.52935617948823,28.771876769210287,75.02634035272996
10000815,Santa Cruz County Juvenile Hall,,6087120800,16.483,34.125,14.548,48.887,18.732,38.114,80.638,55.216,12.889746209545294,30.12233633076734,77.72174128248943
10001535,Riverside County Blythe Jail,,6065046102,2.054,15.991,14.137,42.472,181.291,204.967,107.149,82.18,51.11598092556298,15.367185321836097,58.21926280028493
10005370,Lapd Hollywood Area Jail,,6037190802,13.109,33.45,13.809,43.29,21.593,47.901,82.026,68.428,80.32546342391116,30.811653301051944,86.49621442023543
10005368,Lapd Metropolitan Detention Center,,6037207400,11.727,31.008,13.691,44.433,19.709,45.589,82.04,70.472,88.6658137893167,29.453528224074336,86.09073102556818
10006228,Camp Scott,,6037920049,10.667,31.905,14.463,47.836,92.252,133.01,92.674,69.159,37.603332453175085,25.31135697517866,79.71941549176954
10006230,Transitional Facilities,,6081610302,12.598,26.09,13.42,46.438,16.92,34.348,81.472,60.411,32.16731492099454,26.292297145727428,70.55885934110584
10005369,Lapd Foothill Area Jail,,6037104824,11.529,34.599,14.453,46.612,77.293,117.868,90.181,69.191,68.3494535001042,28.505142391518213,88.61936945655921
10005371,Lapd Valley Jail Section,,6037128210,13.194,35.883,14.582,49.142,60.256,98.701,87.771,69.1,77.81799186947347,31.487664558762745,94.85223307810358
10005283,Washington Ridge Conservation Camp #44,,6057000801,7.795,31.584,15.227,52.803,31.591,71.135,85.06,63.898,25.54010969750068,21.846197438571167,80.9724458132937
10005340,Cois M. Byrd Detention Center,,6065043296,11.462,35.86,14.185,47.213,84.914,126.846,90.651,64.305,41.3390431973909,26.270892976464523,84.7007339701922
10005341,Indio Juvenile Hall,,6065045501,2.67,15.648,14.335,41.875,187.064,213.658,107.538,83.745,58.385437963243625,16.611344616759222,58.33846278554825
10006222,Camp Miller,,6037800406,14.514,38.816,13.767,41.051,18.365,45.367,80.982,69.646,24.456657328598137,28.219376832542288,79.04908043464958
10006225,Camp Paige,,6037400205,9.38,33.239,14.372,44.481,43.327,83.425,86.103,68.855,46.525583186110225,24.277908668994925,80.24215207555919
10005300,Stanislaus County Men's Jail,,6099001800,6.808,22.825,14.422,42.71,95.43,124.446,94.36,68.239,77.1271723650062,22.912309077544137,71.34339410295377
10005352,Santa Barbara County Medium Security Facility,,6083000101,13.355,27.543,12.996,30.383,14.07,28.583,80.193,68.257,27.511102613320855,26.46767473463687,57.6400217845547
10000799,California Health Care Facility (CHCF),CHCF,6077005131,8.81,25.529,14.806,51.188,81.508,116.528,91.984,63.196,48.033732767090356,24.071615842618638,77.22066510794559
10001537,East Mesa Reentry Facility,,6073021302,13.601,31.518,13.251,33.669,19.185,41.537,81.449,67.216,31.91847474468305,27.29792251043251,65.81554562958145
10006712,Stanislaus County Public Safety Center Unit 1 And Unit 2,,6099002506,6.7,22.973,14.56,45.331,88.588,120.866,92.961,65.207,73.56044548906982,22.705657788638973,73.43646881383997
10006483,Arcadia Police Department Jail,,6037430721,9.751,30.65,14.479,47.295,97.979,138.497,92.261,70.632,75.33121681767051,26.706292423512863,85.6679182874351
10006484,Azusa Police Department Jail,,6037400602,9.216,30.125,14.377,43.441,90.918,130.042,91.759,70.134,65.90794573862163,25.31240462022717,79.38651888343496
10006485,Beverly Hills Jail,,6037700801,14.226,31.997,13.199,37.463,11.459,27.011,79.164,68.308,74.35874883877024,31.23306203053966,77.74242531566628
10005273,Chamberlain Creek Conservation Camp #17,,6045010300,14.6,33.47,13.03,43.817,6.879,19.018,77.091,54.388,6.051648981067033,26.26969940000431,71.4099558715202
10002352,Burbank City Jail,,6037310704,11.945,34.62,14.205,47.33,47.372,85.513,86.132,69.535,89.12826860941627,30.293051215595245,93.94888519184066
10000780,Folsom State Prison (FOL),FOL,6067988300,10.096,27.782,15.022,45.32,84.094,114.717,92.753,66.108,42.258666363697984,25.440693630091328,73.5430350330605
10002344,McFarland Female Community Reentry Facility,,6029004703,4.711,20.674,14.084,43.693,110.628,138.849,96.083,67.56,74.39821234192192,19.704915480059665,69.0168301526359
10000895,Alhambra City Jail,,6037481001,11.192,31.931,14.032,46.167,53.206,93.341,86.94,68.922,84.33842239687633,28.774850314625212,88.15039153787286
10002314,Placer County Jail,,6061021501,9.492,30.685,14.308,43.781,76.962,109.89,91.495,69.013,28.290627662268918,23.187041206172125,72.84361696586042
10000782,Mule Creek State Prison (MCSP),MCSP,6005000301,9.624,28.179,14.527,47.716,91.38,121.583,93.399,59.955,23.079087058140587,23.187554999795797,72.25773356934498
10005351,Youth Leadership Academy,,6059076102,13.86,31.142,13.309,38.776,30.4,57.529,83.595,69.516,75.57691582156362,30.954965500674632,78.12774509922986
10005345,Youth Guidance Center,,6059075301,13.86,31.142,13.309,38.776,30.4,57.529,83.595,69.516,71.18308772014844,30.622347774471148,77.28824576501981
10005346,Theo Lacy Facility,,6059076102,13.86,31.142,13.309,38.776,30.4,57.529,83.595,69.516,75.57691582156362,30.954965500674632,78.12774509922986
10005348,Joplin Youth Center,,6059032041,13.472,36.311,13.319,36.405,21.066,49.86,81.871,71.307,29.01071403561731,26.989636147311273,73.17869920451093
10005350,Central Jail Complex,,6059075100,14.461,29.819,12.986,36.249,19.199,37.577,81.256,69.623,57.31795467929622,30.023945224893488,70.65596804318531
10005333,High Desert Juvenile Detention And Assesment Center,,6071012101,3.482,20.225,13.961,40.567,89.813,124.128,93.236,67.096,39.62133465681414,16.452633378598104,59.83988712891506
10001536,Robert Presley Detention Center,,6065030300,9.643,33.997,14.719,50.706,103.21,141.948,93.487,68.963,92.17508763074912,27.901731372671595,97.17570344773583
10005347,Orange County Juvenile Hall,,6059076102,13.86,31.142,13.309,38.776,30.4,57.529,83.595,69.516,75.57691582156362,30.954965500674632,78.12774509922986
10006231,San Benito County Juvenile Hall,,6069000100,19.151,35.014,13.664,52.801,23.494,41.649,81.121,58.173,11.659098930068499,32.232573457561635,81.61617525924103
10000862,John J. Benoit Detention Center,,6065045501,2.67,15.648,14.335,41.875,187.064,213.658,107.538,83.745,58.385437963243625,16.611344616759222,58.33846278554825
10005269,Plumas County Correctional Facility,,6063000100,9.32,34.486,15.06,49.024,28.269,65.805,84.193,51.654,24.65839119976818,23.393915896683804,80.89208197888154
10000779,Rio Cosumnes Correctional Center,,6067009653,11.097,29.142,14.619,50.56,77.204,111.697,91.305,59.876,21.010427113708136,24.796154605818195,75.30960612840872
10005330,Regional Youth Educational Facility,,6071006301,8.95,33.078,15.048,51.896,109.961,148.075,94.87,69.405,75.17008676034534,26.200670577014034,93.24283314927663
10000860,Riverside County Juvenile Hall,,6065031602,10.389,34.356,14.73,49.451,93.379,132.947,92.031,68.767,72.80088256080695,27.60901203231299,92.01176672388807
10006706,South Placer Jail,,6061023000,9.798,27.876,14.346,49.97,97.178,124.53,94.951,66.691,54.72235620972956,25.295727524337046,80.36509425962274
10001538,George F Bailey Detention Facility,,6073021302,13.601,31.518,13.251,33.669,19.185,41.537,81.449,67.216,31.91847474468305,27.29792251043251,65.81554562958145
10005344,Southwest Juvenile Hall,,6065043296,11.462,35.86,14.185,47.213,84.914,126.846,90.651,64.305,41.3390431973909,26.270892976464523,84.7007339701922
10005354,East Mesa Juvenile Detention Facility,,6073021302,13.601,31.518,13.251,33.669,19.185,41.537,81.449,67.216,31.91847474468305,27.29792251043251,65.81554562958145
10000876,Las Colinas Detention And Reentry Facility,,6073016615,11.204,30.873,13.623,42.673,53.641,92.645,87.146,68.395,51.541741875949754,26.15804090823358,76.75019971204947
10005360,Facility 8 Detention Facility,,6073021302,13.601,31.518,13.251,33.669,19.185,41.537,81.449,67.216,31.91847474468305,27.29792251043251,65.81554562958145
10005307,San Francisco General Hospital Ward 7D / 7L,,6075022802,15.313,24.414,12.213,31.754,0.232,0.692,64.955,60.274,41.4506036157627,29.138964430458987,57.33778442964422
10005356,Girls Rehabilitation Facility,,6073008702,13.917,30.391,12.965,36.458,10.051,22.962,78.61,69.565,58.04715437078162,29.38092173154314,71.69582295568469
10001525,San Francisco County Jail #2,,6075018000,15.313,24.414,12.213,31.754,0.232,0.692,64.955,60.274,45.61612011562507,29.462827929284625,57.97506224109876
10000872,San Diego Central Jail,,6073005302,14.205,25.497,12.091,25.913,4.096,8.013,74.905,70.282,64.06790933737766,29.377271241150147,56.6852126681906
10005358,Vista Detention Facility,,6073019701,14.788,28.333,12.637,32.112,10.283,20.865,78.524,67.995,42.31512179158727,28.95311646024748,62.48726727853789
10000875,Kearny Mesa Juvenile Detention Facility,,6073008702,13.917,30.391,12.965,36.458,10.051,22.962,78.61,69.565,58.04715437078162,29.38092173154314,71.69582295568469
10000798,San Joaquin County Jail,,6077003803,9.341,25.631,14.531,46.969,84.189,116.562,92.558,63.423,56.247606919941205,24.997185973398828,75.12564954668719
10000795,San Joaquin County Jail (Honor Farm),,6077003803,9.341,25.631,14.531,46.969,84.189,116.562,92.558,63.423,56.247606919941205,24.997185973398828,75.12564954668719
10001534,San Luis Obispo Juvenile Hall / Service Center,,6079011505,23.021,40.713,12.065,29.318,3.574,7.528,70.728,58.132,6.192622882341113,34.632947549221306,67.65378726709869
10005339,San Luis Obispo County Honor Farm Jail,,6079011505,24.081,44.344,12.123,29.522,3.928,8.8,71.066,59.898,6.192622882341113,35.828334557548544,71.75282321035803
10006709,Maple Street Correctional Center,,6081610302,12.598,26.09,13.42,46.438,16.92,34.348,81.472,60.411,32.16731492099454,26.292297145727428,70.55885934110584
10002333,Elmwood Correctional Complex,,6085504508,11.981,21.95,12.719,38.919,15.424,27.424,81.116,62.546,48.16615545503481,26.05967271487336,61.825516898659004
10006710,Los Prietos Boys Camp,,6083001907,10.036,32.164,14.075,46.055,48.318,88.453,87.253,62.347,6.139460467362845,22.169266999877653,71.80897623482635
10005353,Santa Barbara County Santa Maria Station Jail,,6083002013,18.612,33.563,12.018,29.43,4.013,7.832,72.954,59.737,15.262757666854682,30.613230138170945,61.5971153860979
10005260,Shasta County Jail,,6089010100,8.434,28.531,15.352,44.389,113.013,137.627,97.916,73.492,52.535484134498546,24.390617196401568,75.62873385090242
10005321,Santa Cruz Rountree Medium Security Facility,,6087122300,21.201,25.504,12.029,32.137,4.224,6.487,71.582,58.108,22.63175033436698,34.21146841906737,56.019513007260656
10006232,Santa Clara County Main Jail Complex (South),,6085500200,11.767,22.792,13.06,40.375,19.779,35.995,82.426,62.799,49.04400230185499,26.166630435936572,64.31148118252227
10005317,William F. James Ranch,,6085513500,12.211,29.59,13.511,41.346,55.253,90.683,88.403,63.113,9.206444345801845,24.29112665312011,65.83058586566425
10005246,Charlie's Place Juvenile Day Reporting Center,,6093000702,12.9,36.564,14.419,45.799,50.23,81.006,87.284,56.093,18.928264037855353,26.511334310498864,79.24869696417801
10002328,Stanislaus County Public Safety Center,,6099002506,6.7,22.973,14.56,45.331,88.588,120.866,92.961,65.207,73.56044548906982,22.705657788638973,73.43646881383997
10000787,Solano County Claybank Detention Facility,,6095252317,15.024,31.626,13.858,42.489,47.711,80.204,86.803,57.807,24.07033421499854,28.847631208917125,71.97560648780707
10001528,Santa Cruz Blaine Street Facility,,6087100200,17.105,24.626,12.901,36.604,7.811,11.889,76.243,57.406,23.76061878080259,30.386985345589085,58.96673555880453
10005259,Shasta County Juvenile Hall,,6089010400,9.492,31.105,15.607,48.289,110.098,135.777,97.308,70.938,42.46345222102152,25.249644106287946,80.20663090020948
10002321,Sonoma County Main Adult Detention Facility,,6097152100,15.564,28.053,13.74,49.174,26.917,46.25,82.883,57.962,35.78040544541701,30.32611214838908,75.95634602778105
10005268,Tehama County Juvenile Detention Facility,,6103000500,10.655,31.76,15.363,48.801,108.625,135.34,96.975,68.137,40.84955600515873,26.314536821523532,81.09737167906724
10005247,Siskiyou County Jail,,6093000703,12.637,37.916,15.09,47.708,49.391,80.096,87.15,57.034,18.58844596677869,26.748467907450156,82.27902077998554
10005279,Maxine Singer Youth Guidance Center,,6115040100,7.639,26.429,14.351,44.143,104.936,131.631,96.072,68.35,62.414682746704074,23.07441410768441,74.67948937284173
10002337,Tulare County Adult Pre-Trial Facility,,6107000902,4.43,22.889,14.275,49.534,106.156,136.616,95.123,61.477,71.28544736726559,19.374212801279807,76.93708077245451
10002329,Stanislaus County Juvenile Hall And Commitment Facility,,6099000602,7.381,23.443,14.404,42.367,95.693,124.987,94.444,66.782,74.19158267542142,23.476503303395464,71.30669269872043
10002335,Tulare County Juvenile Detention Facility,,6107000902,4.43,22.889,14.275,49.534,106.156,136.616,95.123,61.477,71.28544736726559,19.374212801279807,76.93708077245451
10005255,Trinity County Juvenile Hall,,6105000102,13.062,33.847,14.383,41.9,61.438,91.769,89.007,53.337,7.923653577222203,25.830557645984197,70.66823125279564
10002334,Tulare County Probation Youth Facility,,6107000902,4.43,22.889,14.275,49.534,106.156,136.616,95.123,61.477,71.28544736726559,19.374212801279807,76.93708077245451
10005257,Trinity County Sheriffs Department,,6105000102,13.324,33.095,14.495,44.096,61.67,91.039,88.914,53.468,7.923653577222203,26.20630559650852,71.62039001666459
10005278,Yuba - Sutter County Juvenile Hall,,6115040100,7.639,26.429,14.351,44.143,104.936,131.631,96.072,68.35,62.414682746704074,23.07441410768441,74.67948937284173
10001523,Tuolumne County Jail,,6109001100,8.118,30.698,14.414,44.879,68.304,103.796,90.023,67.505,23.17528791626781,21.384729928589056,72.7532573171319
10000882,Ventura County Todd Road Facility,,6111000500,14.846,30.158,12.857,33.181,12.323,25.484,79.245,63.223,31.85829123599295,28.4046717380005,63.798055730618785
10002336,Tulare County Jail / Sheriff,,6107001006,4.536,20.229,14.651,47.26,106.584,134.692,96.071,69.397,75.70664632169411,20.087847901326395,72.10598100779016
10000899,Hawthorne City Jail,,6037602106,15.202,28.243,12.765,32.669,3.602,7.589,74.122,68.842,58.422539059488265,30.830844204645587,65.5698816938349
10000896,Downey City Jail,,6037550901,11.476,29.488,13.554,42.891,42.813,78.175,85.812,69.83,71.23025449875784,27.781455534240035,79.09624875909512
10000906,Montebello City Jail,,6037530006,11.12,29.876,13.769,44.952,55.206,94.784,87.166,69.902,67.32330059170535,27.26146845491968,80.78044628686584
10000846,Taft Modified Community Correctional Facility,,6029003304,4.754,20.671,13.791,41.647,98.466,127.813,94.684,73.604,40.27705871463084,17.848438652159043,61.43074435993094
10005365,Vernon City Jail (Holding Facility),,6037980016,11.691,30.276,13.673,43.794,23.454,51.055,82.823,69.781,87.18534874261996,29.28398271926142,84.1709579438065
10005304,Fremont Detention Facility,,6001441928,15.371,28.844,12.952,40.488,19.143,35.147,81.128,62.327,34.57537962215253,29.315187895385442,69.08383961287394
10000845,Shafter Modified Community Correctional Facility,,6029004001,5.033,20.431,13.89,42.622,115.385,143.867,96.707,67.354,59.88061518833456,19.22716856300691,65.25900079687568
10000843,Delano Modified Community Correctional Facility,,6029004606,4.639,19.98,14.218,45.854,113.675,140.71,96.698,67.842,60.02849749919741,19.044636441315742,67.72228990810464
10006482,Anaheim Detention Facility,,6059087200,13.783,31.899,13.393,40.519,32.925,62.249,84.036,69.651,67.07370775124573,30.292345751244042,79.12028772269298
10006903,Ontario City Jail,,6071001809,12.043,36.726,14.756,49.123,85.77,125.787,90.851,66.588,85.58258020203043,30.715443170915186,97.75199194959264
10006902,Huntington Beach City Jail,,6059099309,18.388,25.102,11.862,22.912,2.119,3.196,70.583,68.861,54.43421568432901,33.63296252786262,52.07154370405582
10006904,Hayward Detention Facility,,6001436800,17.472,29.066,12.353,44.138,7.35,13.114,75.726,61.218,41.42776136115855,31.843985651933277,73.86933900354691
10006905,Pasadena Jail,,6037461902,11.704,34.095,14.307,47.651,65.456,106.854,88.227,68.81,88.17867246899569,30.002313123509538,93.35112897048623
10006494,Fullerton City Jail,,6059011300,13.566,32.008,13.53,41.39,39.776,72.728,85.118,69.753,78.50183726369183,31.00501491541981,82.36964780864912
10006493,El Monte Jail,,6037433200,9.927,30.251,14.18,47.969,90.559,131.284,91.282,70.189,87.93839743029677,27.469121165170385,88.44532677308435
10006906,Berkeley Jail Facility,,6001423000,18.715,27.358,12.618,34.473,3.128,5.59,71.331,60.5,37.32942945015426,33.198641249216756,62.572833682636954
10006499,West Covina Jail,,6037406702,9.649,30.618,14.341,47.278,94.362,134.689,91.858,70.313,77.6854543231333,26.592246385569972,86.10293400817042
10005271,Butte County Jail,,6007002500,7.308,27.254,14.454,51.066,83.886,115.532,92.565,65.758,30.290887015215066,20.905733469463687,75.52543822643068
10006490,Costa Mesa Jail,,6059063906,15.526,27.767,12.645,31.464,8.585,16.477,77.489,69.798,60.61128148494333,31.298794866661737,64.21559481335588
10005298,Calaveras County Jail,,6009000302,8.327,28.404,14.043,43.679,73.175,106.599,90.822,61.608,18.09519240917551,21.006287979691987,68.14633491120222
10006907,South Gate Jail,,6037535702,11.759,28.933,13.559,42.336,28.598,57.894,83.776,69.511,64.68604110433536,27.696327221946476,76.58950689859833
10006698,Camp Wilmont Sweeney,,6001430500,18.334,31.217,12.45,42.985,9.482,17.212,76.607,61.091,29.800691964421027,31.938481082936576,73.0812437272552
10002324,Marsh Creek Detention Facility,,6013355112,16.733,38.742,14.067,41.978,45.589,77.133,86.069,69.014,9.304872303897813,29.694324067377327,76.37131625072202
10006908,Santa Monica Jail,,6037701902,14.589,23.745,11.858,25.066,0.503,1.419,69.809,67.947,68.37192812747351,29.96660702402379,54.24832623242083
10005286,Colusa County Jail,,6011000200,7.433,24.903,14.434,41.965,91.38,123.542,93.06,62.705,26.045769152955177,20.788079295502477,64.21578594202016
10006500,Whittier Jail,,6037501804,11.382,30.589,13.744,41.977,55.575,93.422,87.319,69.669,71.0316326500482,27.828081983591407,79.60498145083233
10005312,Fresno County Jail North Annex,,6019000100,5.763,23.09,14.738,47.887,117.331,143.179,98.447,71.928,86.06076004110311,22.32523991773982,78.38296319715455
10006440,South Lake Juvenile Treatment Center,,6017030201,3.909,21.039,15.176,46.922,1.107,10.497,77.746,50.891,39.43910260058654,18.023251263492185,66.37873570767456
10006486,Buena Park City Jail,,6059110500,14.248,32.626,13.493,41.778,30.898,58.664,83.61,70.774,75.76116919130261,31.653518488183767,83.0037161450924
10005311,Fresno County Main Detention Facility,,6019000100,5.763,23.09,14.738,47.887,117.331,143.179,98.447,71.928,86.06076004110311,22.32523991773982,78.38296319715455
10002312,Glenn County Jail,,6021010402,7.875,28.518,14.494,46.967,97.39,129.558,93.76,64.163,41.48482718916171,22.263139029142263,75.7312722420668
10005313,Fresno County Jail South Annex,,6019000100,5.763,23.09,14.738,47.887,117.331,143.179,98.447,71.928,86.06076004110311,22.32523991773982,78.38296319715455
10005254,Humboldt County Correctional Facility,,6023000500,4.621,14.602,12.509,39.639,0.002,0.094,62.522,56.459,39.57260425107366,16.52647407370576,52.320680354436725
10000880,Imperial County Jail,,6025011303,2.477,13.815,13.77,37.155,181.553,207.194,106.488,81.401,64.56181723356674,16.096746176199176,52.491013024345534
10006496,Redondo Beach Jail,,6037621204,15.803,25.092,11.88,24.179,0.788,1.823,69.553,67.665,62.42983173658683,31.077596027497993,54.317828545349165
10002356,Century Regional Detention Center,,6037540501,11.989,28.162,13.4,40.424,19.469,41.732,82.01,69.259,78.946018455405,28.836359846264287,76.45559610694673
10005336,Kern County Lerdo Pre-Trial Facility,,6029003900,4.853,21.654,13.896,43.626,95.849,127.143,93.686,68.771,60.68312693235608,19.045601883027455,67.86547235368666
10005334,Larry J Rhoades Kern Crossroads Facility,,6029003900,4.853,21.654,13.896,43.626,95.849,127.143,93.686,68.771,60.68312693235608,19.045601883027455,67.86547235368666
10002343,Kern County Central Receiving Facility,,6029001600,5.421,20.1,14.08,44.854,129.568,153.527,100.313,75.979,97.08006136159055,21.77251283243148,73.24870645688792
10000889,Inmate Reception Center,,6037206020,11.727,31.008,13.691,44.433,19.709,45.589,82.04,70.472,88.8197604793163,29.464272968962618,86.1221372100863
10005280,Lake County Hill Road Jail,,6033000300,10.266,29.86,14.192,42.583,62.562,92.272,89.489,60.578,7.42908698777514,22.597908431353417,66.77904594394015
10006704,Mariposa County Juvenile Detention Facility,,6043000101,7.75,31.738,15.01,50.313,66.41,104.033,89.816,67.907,24.81537552132477,21.566932202205162,78.87708186842886
10006909,Huntington Park Jail,,6037533108,11.6,29.731,13.715,43.681,30.724,62.297,84.108,69.595,68.30634937143172,27.89249398276356,79.58612673447297
10000912,Barry J Nidorf Juvenile Hall,,6037106510,10.942,31.892,14.191,42.796,67.277,105.129,89.208,69.636,74.85759038058208,27.94934144831843,82.84618050756961
10005262,Lassen County Juvenile Detention Facility,,6035040303,7.402,34.823,15.865,50.3,32.164,68.662,85.248,55.231,23.59674736891798,21.818384728021343,82.1126787491391
10000888,Men's Central Jail,,6037206020,11.727,31.008,13.691,44.433,19.709,45.589,82.04,70.472,88.8197604793163,29.464272968962618,86.1221372100863
10000803,Madera County Juvenile Detention Facility,,6039000517,5.503,24.379,14.819,48.685,103.62,133.14,95.446,66.071,52.75448097603794,20.305760132187647,74.47502562339817
10001524,Marin County Jail,,6041106002,14.914,33.384,14.669,54.951,17.568,37.984,80.86,58.782,9.787575085315478,28.232067853382713,81.13181175304184
10000807,Merced County Jail,,6047001301,5.515,19.701,14.604,47.839,107.621,134.434,96.235,67.502,77.0415379527482,21.39027566106021,72.21125887509834
10005306,Mariposa County Adult Detention Facility,,6043000101,7.762,32.13,15.006,50.607,66.379,104.748,89.659,67.953,24.81537552132477,21.577265105117746,79.5741240308082
10005250,Modoc County Jail,,6049000100,11.715,43.326,15.041,48.374,35.706,73.548,85.029,49.498,23.27931821713331,26.014140501965755,90.09562388323727
10005295,Mono County Jail,,6051000102,4.136,26.661,13.675,32.964,6.584,33.026,80.891,50.199,19.547381228941532,16.06522644218709,57.527205202797205
10005284,Wayne Brown Correctional Facility,,6057000802,8.133,30.027,15.097,53.601,36.366,74.107,85.769,64.361,29.564492625259447,22.371213895130115,80.76131217489842
10000890,Pitchess Detention Center-North,,6037920200,12.665,35.92,14.717,47.598,75.238,116.933,89.845,66.243,44.530683409181314,28.420884782982952,85.83848939682339
10005375,Twin Towers Correctional Facility,,6037206020,11.727,31.008,13.691,44.433,19.709,45.589,82.04,70.472,88.8197604793163,29.464272968962618,86.1221372100863
10002319,Napa County Jail,,6055200202,15.121,28.721,13.542,45.749,38.773,63.364,85.445,59.268,30.03621826617963,29.170267990140225,72.60744188064291
10002311,Mendocino County Jail / Sheriff,,6045011400,15.358,38.342,13.317,41.808,51.561,80.826,87.045,60.839,7.600163955883081,27.445776188229697,75.41903289662206
10005291,Napa County Juvenile Justice Center,,6055200201,15.121,28.721,13.542,45.749,38.773,63.364,85.445,59.268,29.437871108364806,29.122234392201797,72.48788190019256
10005274,Mendocino County Juvenile Hall,,6045011400,15.483,38.647,13.543,42.157,67.287,97.094,89.447,60.315,7.600163955883081,27.763937879072852,76.03220979565289
10001530,California Correctional Institution (CCI),CCI,6029006002,6.692,30.148,14.726,48.796,11.199,40.234,81.362,62.795,45.871387949762784,21.29964628631731,80.23000135726089
10000836,California Institution For Men (CIM),CIM,6071012202,12.821,36.912,14.406,46.871,69.626,112.261,88.659,64.35,94.40464835864269,32.07070436531676,97.78769274413919
10000850,Golden State Annex,,6029004703,4.711,20.674,14.084,43.693,110.628,138.849,96.083,67.56,74.39821234192192,19.704915480059665,69.0168301526359
10000851,Central Valley Annex,,6029004703,4.711,20.674,14.084,43.693,110.628,138.849,96.083,67.56,74.39821234192192,19.704915480059665,69.0168301526359
10000817,Correctional Training Facility (CTF),CTF,6053010900,18.034,31.678,12.619,36.067,25.091,42.404,81.823,57.036,12.204984562477916,30.19802581744207,64.39835295989924
10002341,California Institution For Women (CIW),CIW,6071001907,13.494,37.006,14.306,46.617,74.398,115.488,89.123,63.889,75.58603784147648,31.441560946873686,93.36265560196328
10000785,California Medical Facility (CMF),CMF,6095253000,14.456,31.62,14.39,41.335,56.557,91.712,88.299,62.14,40.62387437615521,29.97594960745732,74.28203594261488
10000786,Delta Conservation Camp #8,,6095253501,15.249,33.44,14.337,56.114,51.948,85.602,87.478,58.12,22.167422122296063,29.351868356506493,85.09986325391861
10000857,California Rehabilitation Center (CRC),CRC,6065046601,11.116,33.5,14.379,47.937,87.692,127.125,91.226,68.055,59.583481416329555,27.296343265310334,86.53757120530278
10005282,Konocti Conservation Camp #27,,6033000901,11.478,33.278,14.933,46.379,53.183,87.527,88.336,65.968,10.776585569710633,24.753917869836517,74.27706836319804
10006347,La Cima Conservation Camp #42,,6073020902,6.612,21.224,14.763,45.071,16.134,41.81,82.805,61.894,26.414159294042605,20.146341451985577,62.69790560550543
10002322,"California State Prison, Sacramento (SAC)",SAC,6067988300,7.714,24.935,14.737,42.76,61.856,93.602,89.631,65.374,42.258666363697984,22.331803784394065,67.85694310315495
10000811,Miramonte Conservation Camp #5,,6019006410,5.612,32.366,15.222,51.12,56.385,98.186,88.369,68.21,33.87856013024824,19.790567525951417,82.30970400228126
10002353,California State Prison-Los Angeles County (LAC),LAC,6037901003,7.021,27.765,15.148,50.155,91.275,127.294,93.332,70.297,34.084143030236156,21.389920076854636,76.12146481954301
10002349,Acton Conservation Camp #11,,6037910815,8.447,27.64,14.672,45.61,42.125,75.585,86.451,67.759,31.11793950678469,22.466163789104503,71.44623740767994
10000790,San Quentin State Prison (SQ),SQ,6041122000,13.134,28.031,14.535,50.111,21.696,41.899,82.422,59.74,31.085921282338564,27.79844899504966,75.77182465862568
10000847,Wasco State Prison (WSP),WSP,6029004302,4.547,19.416,14.199,42.032,119.799,146.872,97.412,67.553,56.9272052060359,18.762350441115487,62.960148823844875
10002340,Desert View Annex,,6071009133,3.862,19.862,13.967,44.455,92.845,124.9,93.531,67.784,33.69799350922625,16.641747298657837,61.837211919149496
10000879,Puerta La Cruz Conservation Camp #14,,6073020903,5.463,23.189,14.17,42.107,65.805,105.047,89.363,65.659,23.315223319968823,18.16479560121957,61.89624746359368
10000808,John Latorraca Correctional Facility,,6047000901,5.848,21.006,14.305,48.711,101.697,131.743,94.732,60.608,48.88996903017671,20.059073823623226,69.63764278342404
10000841,North Kern State Prison (NKSP),NKSP,6029004601,4.56,20.532,14.275,46.537,115.261,141.668,96.931,67.187,58.88274154861368,18.94309928448072,68.84933055272015
10005299,Vallecito Conservation Camp #1,,6009000122,8.608,32.413,14.503,43.48,70.812,108.092,90.292,67.311,22.238179902507092,21.95948451394732,73.33280037459792
10006532,Department Of State Hospitals - Atascadero,,6079013100,16.701,40.788,15.873,66.289,58.148,94.336,87.74,57.732,15.236622400781098,31.66076187451501,100.0
10001522,Sierra Conservation Center (SCC),SCC,6109985202,7.753,28.299,14.26,45.56,87.126,119.279,92.821,63.784,23.802979386426276,20.87627182054427,70.7212979839244
10000784,Pine Grove Conservation Camp,,6005000402,7.83,28.598,14.897,43.21,54.428,89.348,88.431,65.428,20.246807200222065,21.28767729172072,68.39055604319202
10000856,Norco Conservation Camp #0,,6065046601,11.116,33.5,14.379,47.937,87.692,127.125,91.226,68.055,59.583481416329555,27.296343265310334,86.53757120530278
10006531,Department Of State Hospitals - Coalinga,,6019007903,5.491,22.3,14.198,45.639,107.325,136.008,96.05,68.366,17.850388774590186,17.941092156992312,62.88309601190413
10000902,Francisquito Conservation Camp #4,,6037920050,10.325,32.251,14.682,45.774,58.945,93.12,88.445,67.119,30.063502538595486,24.588253683031354,76.72920492125158
10005253,High Rock Conservation Camp #32,,6023011100,12.994,39.657,12.854,53.371,2.493,11.598,73.662,54.265,7.204012712453041,24.471444431150143,86.06815018846294
10000838,Oak Glen Conservation Camp #35,,6065044104,4.077,19.514,15.032,48.889,1.041,8.217,77.397,59.659,36.408157385079065,17.94914302246661,65.75817891158388
10000844,Kern Valley State Prison (KVSP),KVSP,6029004603,4.698,20.033,14.31,46.68,117.651,144.41,97.313,68.171,54.240175514320654,18.921669516665986,67.54802424828357
10000861,Ironwood State Prison (ISP),ISP,6065981000,2.317,15.75,14.543,41.086,177.612,203.227,108.053,84.617,65.61582130994081,16.66455483694614,58.801159943239554
10000821,Salinas Valley State Prison (SVSP),SVSP,6053010900,17.882,32.797,12.793,37.3,18.327,33.557,80.132,56.156,12.204984562477916,30.172482166010973,66.63965589857496
10005272,Parlin Fork Conservation Camp #6,,6045010300,14.375,32.35,12.957,46.41,2.912,8.917,73.978,53.108,6.051648981067033,25.967382699993063,72.276686403647
10000870,South Bay Detention Facility,,6073013000,14.328,24.221,11.908,26.455,2.264,4.255,72.931,69.958,49.8936025067012,28.31415888185638,53.593405446628815
10006220,Camp Gonzales,,6037800335,16.274,34.75,13.066,37.203,18.08,37.352,80.46,66.179,23.92813386355925,29.592880709067153,71.04589278455789
10005296,Amador County Jail,,6005000401,9.65,29.517,13.988,38.735,73.731,105.628,91.047,64.974,19.034704600169388,22.50475503470115,65.46264643614366
10006226,Camp Rockey,,6037400403,9.1,31.309,14.196,42.937,61.699,101.207,88.448,69.53,58.1973895164179,24.511059860623593,78.86668138161055
10002338,Bob Wiley Detention Facility,,6107000902,4.43,22.889,14.275,49.534,106.156,136.616,95.123,61.477,71.28544736726559,19.374212801279807,76.93708077245451
10006229,Camp Scudder,,6037920049,10.667,31.905,14.463,47.836,92.252,133.01,92.674,69.159,37.603332453175085,25.31135697517866,79.71941549176954
10005289,El Dorado County Jail - South Lake Tahoe,,6017030201,3.909,21.039,15.176,46.922,1.107,10.497,77.746,50.891,39.43910260058654,18.023251263492185,66.37873570767456
10005288,El Dorado County Jail - Placerville,,6017031200,9.871,32.279,14.582,44.642,73.436,105.597,90.839,67.805,28.74086931885139,23.888450665174794,75.51350483334369
10005270,Butte County Juvenile Hall,,6007002500,7.308,27.254,14.454,51.066,83.886,115.532,92.565,65.758,30.290887015215066,20.905733469463687,75.52543822643068
10000900,Camp Afflerbaugh,,6037400205,9.38,33.239,14.372,44.481,43.327,83.425,86.103,68.855,46.525583186110225,24.277908668994925,80.24215207555919
10005320,Inyo County Jail,,6027000500,3.143,23.829,14.563,43.075,107.006,139.274,96.697,69.27,22.880085402232663,15.835502777835053,63.36349104957824
10006705,Carl F. Bryan II Juvenile Hall,,6057000802,8.349,30.366,14.955,54.007,44.873,82.689,86.892,65.195,29.564492625259447,22.499628310417926,81.50227171162416
10006703,Camp Erwin Owen,,6029005207,3.861,23.945,15.098,44.242,70.011,109.684,90.376,64.574,28.464354616830395,17.37049194513235,65.48878059356417
10000834,Central Detention Center,,6071006501,8.633,32.447,15.118,52.098,120.907,157.237,96.373,70.341,83.42662562831669,26.37746425731644,94.48696190997669
10000827,Kings County Jail,,6031001001,4.586,21.337,14.34,46.727,103.644,133.625,95.091,64.865,75.27279054296586,19.831389768517703,72.95991383132525
10006702,Fresno County Juvenile Justice Campus,,6019001700,5.247,24.044,14.665,49.131,101.651,133.372,94.81,63.251,66.7248181265918,20.567965405823994,77.16378956893055
10005331,West Valley Detention Center,,6071002207,9.889,34.667,14.863,50.983,99.769,139.286,93.096,69.391,89.40782224979236,28.196126119679583,97.72464119312782
10000828,High Desert Detention Center,,6071009133,3.602,18.715,14.139,44.612,91.361,123.122,93.359,68.078,33.69799350922625,16.486345571644616,60.629576878561494
10005325,Kings County Juvenile Detention Center,,6031001001,4.586,21.337,14.34,46.727,103.644,133.625,95.091,64.865,75.27279054296586,19.831389768517703,72.95991383132525
10002331,Santa Rita Jail,,6001450102,17.514,35.493,13.864,50.159,46.947,74.754,86.165,62.396,25.602870104574666,31.8293908410606,83.2222337233542
20000100,Trinity County Correctional Facility,,6105000102,11.702,32.166,13.968,41.326,46.173,76.344,86.731,56.875,7.923653577222203,24.01431111942695,68.37405467549861
10000775,Lassen County Adult Detention Facility,,6035040303,7.402,34.823,15.865,50.3,32.164,68.662,85.248,55.231,23.59674736891798,21.818384728021343,82.1126787491391
10006699,John A. Davis Juvenile Hall,,6013321101,13.069,28.825,14.207,48.952,41.913,71.634,86.325,63.022,31.974820102405793,27.507239946955103,75.88177925862772
10000809,Iris Garrett Juvenile Justice Complex,,6047000901,5.848,21.006,14.305,48.711,101.697,131.743,94.732,60.608,48.88996903017671,20.059073823623226,69.63764278342404
10002325,West County Detention Facility,,6013980000,18.246,25.017,12.129,36.28,7.101,10.24,75.339,59.159,38.93277314154762,32.354643150364524,61.651646412219726
10000778,Sacramento County Main Jail,,6067000700,9.731,26.722,14.602,43.41,85.225,115.997,92.779,66.075,59.85599177193364,25.78419462548187,73.88317025011321
10005349,James A Musick Facility,,6059052438,12.893,31.435,13.417,36.785,31.817,61.966,84.064,68.814,67.04156683662539,29.17516273482355,74.9872248578938
10005308,Madera Adult Correctional Facility,,6039000517,5.503,24.379,14.819,48.685,103.62,133.14,95.446,66.071,52.75448097603794,20.305760132187647,74.47502562339817
10000791,Marin County Juvenile Hall,,6041107000,18.394,38.777,14.21,50.316,19.303,40.141,80.259,60.16,4.461188016370567,31.17975931948127,81.98680672434728
10005335,Mojave Jail,,6029005900,4.415,23.372,14.62,45.378,98.566,129.736,94.816,73.065,42.44734913232218,18.28181292939158,68.34151937880198
10005337,Kern County Lerdo Maximum-Medium Facility,,6029003900,4.853,21.654,13.896,43.626,95.849,127.143,93.686,68.771,60.68312693235608,19.045601883027455,67.86547235368666
10005338,Kern County Lerdo Minimum Facility,,6029003900,4.853,21.654,13.896,43.626,95.849,127.143,93.686,68.771,60.68312693235608,19.045601883027455,67.86547235368666
10002326,Martinez Detention Facility,,6013316000,14.18,28.381,13.757,40.331,29.904,53.874,84.186,61.538,42.033973205255364,29.19664474378206,69.79029805047011
10002313,Yuba County Jail,,6115040100,7.566,26.481,14.551,45.2,97.688,126.559,94.408,66.449,62.414682746704074,23.169278781625906,75.73391939314733
10006439,Placer County Juvenile Detention Center,,6061021501,9.492,30.685,14.308,43.781,76.962,109.89,91.495,69.013,28.290627662268918,23.187041206172125,72.84361696586042
10006707,Sacramento County Youth Detention Facility,,6067009103,9.746,27.858,14.457,49.529,72.646,106.066,90.753,60.43,61.28815582867981,25.76175709660959,81.29082991793369
10001526,San Francisco County Jail #2 Annex,,6075018000,15.313,24.414,12.213,31.754,0.232,0.692,64.955,60.274,45.61612011562507,29.462827929284625,57.97506224109876
10000805,San Francisco County Jail #3,,6081614000,23.425,34.846,11.671,34.784,1.783,3.64,67.265,58.656,7.517343980848204,34.890212041005135,65.93796090046955
10000854,San Luis Obispo County Jail,,6079011505,23.021,40.713,12.065,29.318,3.574,7.528,70.728,58.132,6.192622882341113,34.632947549221306,67.65378726709869
10000797,San Joaquin County Juvenile Hall,,6077003803,9.341,25.631,14.531,46.969,84.189,116.562,92.558,63.423,56.247606919941205,24.997185973398828,75.12564954668719
10000820,Monterey County Youth Center,,6053000502,21.619,31.85,11.697,33.3,6.155,9.24,72.614,59.42,21.870398419015995,34.333505025551105,64.07159312754635
10006711,Solano County Stanton Correctional Facility,,6095252317,15.024,31.626,13.858,42.489,47.711,80.204,86.803,57.807,24.07033421499854,28.847631208917125,71.97560648780707
10005315,Santa Clara County Main Jail Complex (North),,6085500200,11.767,22.792,13.06,40.375,19.779,35.995,82.426,62.799,49.04400230185499,26.166630435936572,64.31148118252227
10000818,Monterey County Jail / Rehabilitation Facility,,6053010608,21.236,31.425,11.792,32.696,6.055,9.098,72.574,59.251,13.595498034902272,33.187416654721105,61.61300808036643
10001529,Santa Cruz County Main Jail,,6087100200,17.105,24.626,12.901,36.604,7.811,11.889,76.243,57.406,23.76061878080259,30.386985345589085,58.96673555880453
10005314,Santa Clara County Juvenile Hall,,6085500200,12.533,23.113,12.967,39.53,12.786,23.525,80.093,62.428,49.04400230185499,27.01755420939797,63.93956844122067
10000788,Solano County Justice Center Detention Facility,,6095252502,14.806,29.755,14.044,44.242,48.77,79.101,87.357,59.452,44.7138208342807,30.416987240427645,75.44145711588152
10000868,Santa Maria Juvenile Hall,,6083002013,18.612,33.563,12.018,29.43,4.013,7.832,72.954,59.737,15.262757666854682,30.613230138170945,61.5971153860979
10000819,Monterey County Juvenile Hall,,6053010608,21.236,31.425,11.792,32.696,6.055,9.098,72.574,59.251,13.595498034902272,33.187416654721105,61.61300808036643
10005277,Sierra County Jail Temporary Holding Facility,,6091010000,9.428,32.17,15.613,55.231,19.444,50.888,82.438,56.163,22.65832762939065,23.85126613355287,83.03118378753403
10005293,Sonoma County Juvenile Hall,,6097151601,13.968,32.384,13.208,31.14,15.867,36.118,80.626,61.231,6.424355841241369,25.75605969768171,60.129941509282034
10005297,Solano County Juvenile Detention Facility,,6095252401,15.219,30.96,14.159,43.749,50.624,81.437,87.537,62.058,43.56863264168538,30.924186914007727,76.22348765481945
10005294,Sonoma County Probation Camp,,6097153810,14.755,28.528,14.852,54.224,36.028,62.008,84.89,55.399,21.00460419632761,29.12843366174394,77.68262543594464
10002320,North County Detention Facility,,6097152702,15.822,29.851,14.956,57.195,28.641,50.979,83.387,55.909,26.59699347856136,30.902560628306464,82.9563220210511
10000865,Santa Barbara County Main Jail,,6083000101,13.355,27.543,12.996,30.383,14.07,28.583,80.193,68.257,27.511102613320855,26.46767473463687,57.6400217845547
10000886,Ventura County Pre-Trial Detention Facility (Main Jail),,6111001510,15.511,27.181,12.453,29.997,5.331,9.73,75.699,65.258,40.224852135941155,29.49168135860822,58.89837887646788
10000885,Ventura County Juvenile Justice Complex,,6111005004,14.343,25.924,12.483,31.283,8.321,15.279,77.781,65.349,42.585822714804266,28.30315116628772,58.904927663631724
10002317,Yolo County Monroe Detention Center,,6113011208,9.104,27.658,14.731,45.001,89.959,122.958,93.114,62.744,30.96927886288644,23.271830885560124,70.91362045551143
