facilityid,name,latitude,longitude,baseline_summer_avg_tmax_f,n_summer_days,grid_elevation_m,source,retrieved
10006510,Otay Mesa Detention Center,32.57596504758365,-116.91564013788977,79.49,2760,203.0,"open-meteo archive (era5_seamless), 1991-2020 Jun-Aug",2026-07-16
10001521,Del Norte County Jail,41.75310253863079,-124.20082671366757,65.82,2760,9.0,"open-meteo archive (era5_seamless), 1991-2020 Jun-Aug",2026-07-16
10000914,Dorothy Kirby Center,34.011725929422504,-118.16917483066176,84.12,2760,51.0,"open-meteo archive (era5_seamless), 1991-2020 Jun-Aug",2026-07-16
10006313,Baldwin Park Jail,34.08542320534737,-117.95972580356398,87.5,2760,118.0,"open-meteo archive (era5_seamless), 1991-2020 Jun-Aug",2026-07-16
10006488,Claremont Jail,34.096233053161434,-117.72245587010627,87.3,2760,355.0,"open-meteo archive (era5_seamless), 1991-2020 Jun-Aug",2026-07-16
10006489,Concord Jail,37.97087039089063,-122.031692397237,82.99,2760,24.0,"open-meteo archive (era5_seamless), 1991-2020 Jun-Aug",2026-07-16
10006495,Monrovia Jail,34.14789596650148,-117.9992566100296,86.81,2760,177.0,"open-meteo archive (era5_seamless), 1991-2020 Jun-Aug",2026-07-16
10006498,Signal Hill City Jail,33.80680219254155,-118.17245189767004,78.91,2760,38.0,"open-meteo archive (era5_seamless), 1991-2020 Jun-Aug",2026-07-16
10006492,Culver City Jail,34.020764242179446,-118.39508559710085,83.1,2760,33.0,"open-meteo archive (era5_seamless), 1991-2020 Jun-Aug",2026-07-16
10006179,Fci Mendota,36.73364122914027,-120.3924603239434,95.66,2760,56.0,"open-meteo archive (era5_seamless), 1991-2020 Jun-Aug",2026-07-16
10000864,Usp Lompoc,34.679187474299496,-120.50548010652062,69.47,2760,36.0,"open-meteo archive (era5_seamless), 1991-2020 Jun-Aug",2026-07-16
10002351,Bell City Jail,33.97910744065924,-118.18841160133736,84.17,2760,47.0,"open-meteo archive (era5_seamless), 1991-2020 Jun-Aug",2026-07-16
10000771,Alder Conservation Camp #20,41.50102605418069,-124.0614026616772,67.26,2760,292.0,"open-meteo archive (era5_seamless), 1991-2020 Jun-Aug",2026-07-16
10005258,Sugar Pine Conservation Camp #9,40.74594991511181,-122.0926140282548,89.37,2760,542.0,"open-meteo archive (era5_seamless), 1991-2020 Jun-Aug",2026-07-16
10000871,Mcc San Diego,32.713963558611916,-117.1660704622264,75.13,2760,14.0,"open-meteo archive (era5_seamless), 1991-2020 Jun-Aug",2026-07-16
10005267,Salt Creek Conservation Camp #7,39.81202088855824,-122.62925447861537,92.7,2760,449.0,"open-meteo archive (era5_seamless), 1991-2020 Jun-Aug",2026-07-16
10005319,Owens Valley Conservation Camp #26,37.38924437916502,-118.55153489518936,88.21,2760,1417.0,"open-meteo archive (era5_seamless), 1991-2020 Jun-Aug",2026-07-16
10005362,Ventura Conservation Camp #46,34.246176183785806,-119.10677775352286,76.62,2760,37.0,"open-meteo archive (era5_seamless), 1991-2020 Jun-Aug",2026-07-16
10000840,Prado Conservation Camp #28,33.99116711079797,-117.68683207528083,86.47,2760,195.0,"open-meteo archive (era5_seamless), 1991-2020 Jun-Aug",2026-07-16
10005275,Valley View Conservation Camp #34,39.65246297492119,-122.72173226828056,82.1,2760,1389.0,"open-meteo archive (era5_seamless), 1991-2020 Jun-Aug",2026-07-16
10000874,Western Region Detention Facility,32.7173817496747,-117.16523774875972,75.15,2760,13.0,"open-meteo archive (era5_seamless), 1991-2020 Jun-Aug",2026-07-16
10000849,Mesa Verde Ice Processing Center,35.37971816195629,-119.00641253053884,93.71,2760,126.0,"open-meteo archive (era5_seamless), 1991-2020 Jun-Aug",2026-07-16
10000897,Glendale City Jail,34.14735399725111,-118.2493590354608,86.13,2760,174.0,"open-meteo archive (era5_seamless), 1991-2020 Jun-Aug",2026-07-16
10000911,Torrance City Jail,33.83986898172371,-118.34228828447392,78.08,2760,31.0,"open-meteo archive (era5_seamless), 1991-2020 Jun-Aug",2026-07-16
10000777,Sutter County Jail,39.14285926968739,-121.63782617479472,93.42,2760,20.0,"open-meteo archive (era5_seamless), 1991-2020 Jun-Aug",2026-07-16
10000823,Tulare County Men'S Correctional Facility,36.44508173488965,-119.32043337950851,95.31,2760,96.0,"open-meteo archive (era5_seamless), 1991-2020 Jun-Aug",2026-07-16
10005263,Antelope Conservation Camp #25,40.40164182151751,-120.51004710820791,85.17,2760,1249.0,"open-meteo archive (era5_seamless), 1991-2020 Jun-Aug",2026-07-16
10000772,Herlong Fci,40.151192472135286,-120.16619206516069,85.2,2760,1234.0,"open-meteo archive (era5_seamless), 1991-2020 Jun-Aug",2026-07-16
10000814,Ben Lomond Conservation Camp #45,37.130265033493735,-122.1690670677042,60.81,2760,806.0,"open-meteo archive (era5_seamless), 1991-2020 Jun-Aug",2026-07-16
10002347,Calipatria State Prison (Cal),33.16569335411168,-115.4843440200192,105.83,2760,-46.0,"open-meteo archive (era5_seamless), 1991-2020 Jun-Aug",2026-07-16
10002348,Centinela State Prison (Cen),32.82339731050856,-115.7890554901459,105.78,2760,-4.0,"open-meteo archive (era5_seamless), 1991-2020 Jun-Aug",2026-07-16
10006310,Adelanto Ice Processing Center,34.55969543666143,-117.44071494857548,93.64,2760,898.0,"open-meteo archive (era5_seamless), 1991-2020 Jun-Aug",2026-07-16
10005361,El Centro Service Processing Center,32.80301930673736,-115.56681652692428,106.61,2760,-13.0,"open-meteo archive (era5_seamless), 1991-2020 Jun-Aug",2026-07-16
10006491,Covina Jail,34.08995454335269,-117.8886708557222,86.83,2760,172.0,"open-meteo archive (era5_seamless), 1991-2020 Jun-Aug",2026-07-16
10000781,Sacramento County Work Release,38.600280065057795,-121.49413045068547,91.47,2760,11.0,"open-meteo archive (era5_seamless), 1991-2020 Jun-Aug",2026-07-16
10000859,Larry D Smith Correctional Facility,33.91003189843904,-116.87021077101804,90.99,2760,669.0,"open-meteo archive (era5_seamless), 1991-2020 Jun-Aug",2026-07-16
10000835,Glen Helen Rehabilitation Center,34.17753047412101,-117.38931449983622,92.02,2760,509.0,"open-meteo archive (era5_seamless), 1991-2020 Jun-Aug",2026-07-16
10001539,Oxnard City Jail,34.200843775017155,-119.18149015571184,74.38,2760,18.0,"open-meteo archive (era5_seamless), 1991-2020 Jun-Aug",2026-07-16
10000891,Pitchess Detention Center-South,34.46605502608862,-118.5996116034917,89.66,2760,357.0,"open-meteo archive (era5_seamless), 1991-2020 Jun-Aug",2026-07-16
10002330,Fci Dublin Camp,37.717950171696266,-121.8948186675473,82.67,2760,114.0,"open-meteo archive (era5_seamless), 1991-2020 Jun-Aug",2026-07-16
10000863,Fci Lompoc,34.676755382981256,-120.4994620676944,69.46,2760,37.0,"open-meteo archive (era5_seamless), 1991-2020 Jun-Aug",2026-07-16
10000833,Fci Victorville Medium I Camp,34.56900668681523,-117.36974423441475,93.74,2760,889.0,"open-meteo archive (era5_seamless), 1991-2020 Jun-Aug",2026-07-16
10000831,Fci Victorville Medium Ii,34.568484117135945,-117.35831452366868,93.84,2760,881.0,"open-meteo archive (era5_seamless), 1991-2020 Jun-Aug",2026-07-16
10006487,Chula Vista Jail,32.63993272300781,-117.08303758871024,73.48,2760,26.0,"open-meteo archive (era5_seamless), 1991-2020 Jun-Aug",2026-07-16
10006180,Fci Mendota Camp,36.728576475901214,-120.39236686830785,95.68,2760,55.0,"open-meteo archive (era5_seamless), 1991-2020 Jun-Aug",2026-07-16
10000887,Fci Terminal Island,33.72649105995905,-118.26706314344848,78.38,2760,5.0,"open-meteo archive (era5_seamless), 1991-2020 Jun-Aug",2026-07-16
10000867,Usp Lompoc Camp,34.67502678354751,-120.5042452703141,69.49,2760,34.0,"open-meteo archive (era5_seamless), 1991-2020 Jun-Aug",2026-07-16
10000806,Usp Atwater,37.385902009533794,-120.55881096422864,94.22,2760,58.0,"open-meteo archive (era5_seamless), 1991-2020 Jun-Aug",2026-07-16
10000892,Mdc Los Angeles,34.05365172738237,-118.23852864799257,87.09,2760,92.0,"open-meteo archive (era5_seamless), 1991-2020 Jun-Aug",2026-07-16
10006299,Usp Lompoc North Camp,34.684348596310315,-120.50342145068144,69.51,2760,33.0,"open-meteo archive (era5_seamless), 1991-2020 Jun-Aug",2026-07-16
10005303,Fci Dublin,37.7185793067588,-121.896970997066,82.65,2760,115.0,"open-meteo archive (era5_seamless), 1991-2020 Jun-Aug",2026-07-16
10005261,Herlong Fci Camp,40.15300842320584,-120.153899940364,85.18,2760,1236.0,"open-meteo archive (era5_seamless), 1991-2020 Jun-Aug",2026-07-16
10006194,Usp Atwater Camp,37.38324683391697,-120.56351089902054,94.24,2760,56.0,"open-meteo archive (era5_seamless), 1991-2020 Jun-Aug",2026-07-16
10000830,Usp Victorville,34.56511772035156,-117.3705686834497,93.73,2760,890.0,"open-meteo archive (era5_seamless), 1991-2020 Jun-Aug",2026-07-16
10000832,Fci Victorville Medium I,34.565479182329916,-117.3645614551476,93.74,2760,889.0,"open-meteo archive (era5_seamless), 1991-2020 Jun-Aug",2026-07-16
10002323,"California State Prison, Solano (Sol)",38.320776607604,-121.97523692020748,86.84,2760,42.0,"open-meteo archive (era5_seamless), 1991-2020 Jun-Aug",2026-07-16
10002316,Yolo County Juvenile Detention Facility,38.66101321635629,-121.73033404289303,92.86,2760,11.0,"open-meteo archive (era5_seamless), 1991-2020 Jun-Aug",2026-07-16
10002350,North County Correctional Facility,34.46449801148207,-118.58669462597126,89.05,2760,409.0,"open-meteo archive (era5_seamless), 1991-2020 Jun-Aug",2026-07-16
10002355,Central Juvenile Hall,34.062845125055134,-118.2075310308609,86.97,2760,102.0,"open-meteo archive (era5_seamless), 1991-2020 Jun-Aug",2026-07-16
10002354,Mira Loma Detention Center,34.701951456144066,-118.23257916788252,91.96,2760,718.0,"open-meteo archive (era5_seamless), 1991-2020 Jun-Aug",2026-07-16
10006242,James G Bowles Juvenile Hall,35.38551690633812,-118.97007208464194,93.33,2760,159.0,"open-meteo archive (era5_seamless), 1991-2020 Jun-Aug",2026-07-16
10000893,Long Beach City Jail,33.76887574058282,-118.19740279229644,79.21,2760,12.0,"open-meteo archive (era5_seamless), 1991-2020 Jun-Aug",2026-07-16
10006509,Imperial Regional Detention Facility,32.69157796738742,-115.39785934490034,106.86,2760,13.0,"open-meteo archive (era5_seamless), 1991-2020 Jun-Aug",2026-07-16
10006224,Camp Mendenhall,34.65294490631566,-118.47692576783348,90.13,2760,891.0,"open-meteo archive (era5_seamless), 1991-2020 Jun-Aug",2026-07-16
10006223,Camp Munz,34.65269994694997,-118.4790990449336,90.16,2760,889.0,"open-meteo archive (era5_seamless), 1991-2020 Jun-Aug",2026-07-16
10005249,Del Norte Juvenile Hall,41.76415323607952,-124.19060254740864,65.84,2760,7.0,"open-meteo archive (era5_seamless), 1991-2020 Jun-Aug",2026-07-16
10005329,Central Valley Juvenile Detention And Assessment Center,34.13232970328932,-117.26894018143396,89.45,2760,353.0,"open-meteo archive (era5_seamless), 1991-2020 Jun-Aug",2026-07-16
10000907,Monterey Park City Jail,34.059105896911724,-118.1260141111758,87.49,2760,119.0,"open-meteo archive (era5_seamless), 1991-2020 Jun-Aug",2026-07-16
10005366,Pacific Area Community Jail,33.99163063383789,-118.41985259215922,83.35,2760,12.0,"open-meteo archive (era5_seamless), 1991-2020 Jun-Aug",2026-07-16
10005364,77Th Street Regional Jail,33.970346036657936,-118.27739864086942,83.73,2760,44.0,"open-meteo archive (era5_seamless), 1991-2020 Jun-Aug",2026-07-16
10006325,Santa Ana City Jail,33.75017454253526,-117.88059472025569,81.32,2760,41.0,"open-meteo archive (era5_seamless), 1991-2020 Jun-Aug",2026-07-16
10006307,Cai - Ocean View,32.70025287997728,-117.11802856467416,75.8,2760,24.0,"open-meteo archive (era5_seamless), 1991-2020 Jun-Aug",2026-07-16
10000898,Glendora City Jail,34.134683472370746,-117.86472195529764,86.06,2760,237.0,"open-meteo archive (era5_seamless), 1991-2020 Jun-Aug",2026-07-16
10005322,San Benito County Jail,36.88402085050856,-121.41134831394592,82.11,2760,72.0,"open-meteo archive (era5_seamless), 1991-2020 Jun-Aug",2026-07-16
10005309,Maguire Correctional Facility,37.48776481473485,-122.23165188434776,74.72,2760,6.0,"open-meteo archive (era5_seamless), 1991-2020 Jun-Aug",2026-07-16
10000909,Pomona City Jail,34.054407799325865,-117.7537923831384,86.4,2760,261.0,"open-meteo archive (era5_seamless), 1991-2020 Jun-Aug",2026-07-16
10006306,Cai - Boston Avenue,32.69354083598739,-117.13502194396476,75.92,2760,14.0,"open-meteo archive (era5_seamless), 1991-2020 Jun-Aug",2026-07-16
10006221,Camp Kilpatrick,34.09201895807897,-118.837876371687,75.76,2760,531.0,"open-meteo archive (era5_seamless), 1991-2020 Jun-Aug",2026-07-16
10005266,Tehama County Jail,40.175627755533974,-122.23695248454342,93.02,2760,93.0,"open-meteo archive (era5_seamless), 1991-2020 Jun-Aug",2026-07-16
10005316,Sunnyvale Department Of Public Safety,37.37040656709717,-122.04014117760228,79.15,2760,40.0,"open-meteo archive (era5_seamless), 1991-2020 Jun-Aug",2026-07-16
10000804,Madera County Juvenile Hall,36.95303527822695,-120.0337697819451,95.18,2760,84.0,"open-meteo archive (era5_seamless), 1991-2020 Jun-Aug",2026-07-16
10007007,Kern County - Lerdo Justice Facility,35.50642904042633,-119.1109999113409,95.76,2760,161.0,"open-meteo archive (era5_seamless), 1991-2020 Jun-Aug",2026-07-16
10007001,Northern Branch Jail,34.91837859256055,-120.49241570493896,70.6,2760,57.0,"open-meteo archive (era5_seamless), 1991-2020 Jun-Aug",2026-07-16
10000826,Avenal State Prison,35.97394943680589,-120.123101823151,94.66,2760,234.0,"open-meteo archive (era5_seamless), 1991-2020 Jun-Aug",2026-07-16
10002345,California Men'S Colony (Cmc),35.324574100099134,-120.69890041992886,77.78,2760,136.0,"open-meteo archive (era5_seamless), 1991-2020 Jun-Aug",2026-07-16
10000852,California City Correctional Center (Cac),35.15325120165892,-117.85888005110138,94.19,2760,783.0,"open-meteo archive (era5_seamless), 1991-2020 Jun-Aug",2026-07-16
10000824,"California State Prison, Corcoran (Cor)",36.060818292814254,-119.54912102574772,98.11,2760,59.0,"open-meteo archive (era5_seamless), 1991-2020 Jun-Aug",2026-07-16
10000825,Ca Substance Abuse Treatment Facility (Satf),36.05395908338128,-119.54782062864966,98.12,2760,58.0,"open-meteo archive (era5_seamless), 1991-2020 Jun-Aug",2026-07-16
10000801,Central California Women'S Facility (Ccfw),37.0936807963828,-120.15270979438849,94.61,2760,86.0,"open-meteo archive (era5_seamless), 1991-2020 Jun-Aug",2026-07-16
10002346,Chuckawalla Valley State Prison (Cvsp),33.562579498036335,-114.90950576295587,105.54,2760,140.0,"open-meteo archive (era5_seamless), 1991-2020 Jun-Aug",2026-07-16
10000869,R J Donovan Correctional Facility (Rjd),32.58456492210108,-116.9335763874008,79.74,2760,180.0,"open-meteo archive (era5_seamless), 1991-2020 Jun-Aug",2026-07-16
10002309,Pelican Bay State Prison (Pbsp),41.85480855418667,-124.1490751163596,72.63,2760,29.0,"open-meteo archive (era5_seamless), 1991-2020 Jun-Aug",2026-07-16
10000822,Gabilan Conservation Camp #38,36.46407283647074,-121.38305815511475,86.92,2760,58.0,"open-meteo archive (era5_seamless), 1991-2020 Jun-Aug",2026-07-16
10000810,Pleasant Valley State Prison(Pvsp),36.131473239777144,-120.24889960644474,95.54,2760,176.0,"open-meteo archive (era5_seamless), 1991-2020 Jun-Aug",2026-07-16
10000802,Valley State Prison (Vsp),37.105477428630245,-120.15547185750694,94.58,2760,88.0,"open-meteo archive (era5_seamless), 1991-2020 Jun-Aug",2026-07-16
10005251,Devils Garden Conservation Camp #40,41.52359923931703,-120.67020461410344,80.4,2760,1528.0,"open-meteo archive (era5_seamless), 1991-2020 Jun-Aug",2026-07-16
10000858,Bautista Conservation Camp #36,33.64204515942113,-116.80923524430564,89.38,2760,855.0,"open-meteo archive (era5_seamless), 1991-2020 Jun-Aug",2026-07-16
10006530,Folsom Women'S Facility (Fwf),38.69320816978507,-121.14879148409725,90.34,2760,126.0,"open-meteo archive (era5_seamless), 1991-2020 Jun-Aug",2026-07-16
10005248,Deadwood Conservation Camp #23,41.67774197144028,-122.82407824218762,84.06,2760,934.0,"open-meteo archive (era5_seamless), 1991-2020 Jun-Aug",2026-07-16
10000904,Julius Klein Conservation Camp #19,34.2378303823899,-117.82290059711198,89.91,2760,457.0,"open-meteo archive (era5_seamless), 1991-2020 Jun-Aug",2026-07-16
10005252,Eel River Conservation Camp #31,40.13825346356871,-123.8224067420024,82.15,2760,144.0,"open-meteo archive (era5_seamless), 1991-2020 Jun-Aug",2026-07-16
10005290,Growlersburg Conservation Camp #33,38.90313303813308,-120.87004293218703,85.0,2760,785.0,"open-meteo archive (era5_seamless), 1991-2020 Jun-Aug",2026-07-16
10000905,Malibu Conservation Camp #13,34.08392941062969,-118.86552872385522,75.23,2760,402.0,"open-meteo archive (era5_seamless), 1991-2020 Jun-Aug",2026-07-16
10005305,Mount Bullion Conservation Camp #39,37.5359784933773,-120.048738197483,84.52,2760,935.0,"open-meteo archive (era5_seamless), 1991-2020 Jun-Aug",2026-07-16
10002310,High Desert State Prison (Hdsp),40.40786908373915,-120.51339082085426,84.95,2760,1268.0,"open-meteo archive (era5_seamless), 1991-2020 Jun-Aug",2026-07-16
10000878,Mccain Valley Conservation Camp #21,32.68422671566009,-116.2667738482972,90.83,2760,1073.0,"open-meteo archive (era5_seamless), 1991-2020 Jun-Aug",2026-07-16
10000855,Cuesta Conservation Camp #24,35.329429003849334,-120.73344205123828,78.39,2760,84.0,"open-meteo archive (era5_seamless), 1991-2020 Jun-Aug",2026-07-16
10006204,Holton Conservation Camp #16,34.300036648410114,-118.36033132151492,87.11,2760,448.0,"open-meteo archive (era5_seamless), 1991-2020 Jun-Aug",2026-07-16
10000789,Baseline Conservation Camp #30,37.92402926410429,-120.52961603771271,89.98,2760,236.0,"open-meteo archive (era5_seamless), 1991-2020 Jun-Aug",2026-07-16
10000774,Intermountain Conservation Camp #22,41.1231067161181,-121.22419725359636,82.53,2760,1317.0,"open-meteo archive (era5_seamless), 1991-2020 Jun-Aug",2026-07-16
10005328,Pilot Rock Conservation Fire Camp #15,34.271656892428354,-117.2814657468556,87.47,2760,1132.0,"open-meteo archive (era5_seamless), 1991-2020 Jun-Aug",2026-07-16
10000901,Fenner Canyon Conservation Camp #41,34.39010316279468,-117.77262913360008,83.06,2760,1680.0,"open-meteo archive (era5_seamless), 1991-2020 Jun-Aug",2026-07-16
10005264,Ishi Conservation Camp #18,40.31308214420257,-121.89495892375476,88.96,2760,610.0,"open-meteo archive (era5_seamless), 1991-2020 Jun-Aug",2026-07-16
10000793,O.H.Close Youth Correctional Facility,37.89852127379901,-121.19769467027837,89.58,2760,12.0,"open-meteo archive (era5_seamless), 1991-2020 Jun-Aug",2026-07-16
10005324,Mountain Home Conservation Camp #10,36.20791412059433,-118.71392800271092,79.69,2760,1371.0,"open-meteo archive (era5_seamless), 1991-2020 Jun-Aug",2026-07-16
10005256,Trinity River Conservation Camp #3,40.78981381613563,-122.80394970874065,86.37,2760,966.0,"open-meteo archive (era5_seamless), 1991-2020 Jun-Aug",2026-07-16
10000877,Rainbow Conservation Camp #2,33.427961075610796,-117.11832774136676,84.66,2760,468.0,"open-meteo archive (era5_seamless), 1991-2020 Jun-Aug",2026-07-16
10006497,Seal Beach Detention Center,33.75270984107934,-118.08776063978296,80.07,2760,7.0,"open-meteo archive (era5_seamless), 1991-2020 Jun-Aug",2026-07-16
10006316,Fontana City Jail,34.10164898633541,-117.43379001368056,88.77,2760,395.0,"open-meteo archive (era5_seamless), 1991-2020 Jun-Aug",2026-07-16
10006317,Garden Grove City Jail,33.77637797128475,-117.93573132365108,81.43,2760,31.0,"open-meteo archive (era5_seamless), 1991-2020 Jun-Aug",2026-07-16
10000884,Ventura County East County Jail,34.24764369046445,-118.83478790538416,82.33,2760,274.0,"open-meteo archive (era5_seamless), 1991-2020 Jun-Aug",2026-07-16
10000815,Santa Cruz County Juvenile Hall,37.04370218416292,-122.04884959847284,64.64,2760,236.0,"open-meteo archive (era5_seamless), 1991-2020 Jun-Aug",2026-07-16
10001535,Riverside County Blythe Jail,33.613244388995795,-114.59791339322456,106.69,2760,83.0,"open-meteo archive (era5_seamless), 1991-2020 Jun-Aug",2026-07-16
10005370,Lapd Hollywood Area Jail,34.09577047236163,-118.33065860825457,86.33,2760,105.0,"open-meteo archive (era5_seamless), 1991-2020 Jun-Aug",2026-07-16
10005368,Lapd Metropolitan Detention Center,34.052080277150985,-118.240951738798,87.13,2760,88.0,"open-meteo archive (era5_seamless), 1991-2020 Jun-Aug",2026-07-16
10006228,Camp Scott,34.457183406305845,-118.48669688989436,89.47,2760,433.0,"open-meteo archive (era5_seamless), 1991-2020 Jun-Aug",2026-07-16
10006230,Transitional Facilities,37.49315980362607,-122.22085687599696,74.77,2760,2.0,"open-meteo archive (era5_seamless), 1991-2020 Jun-Aug",2026-07-16
10005369,Lapd Foothill Area Jail,34.253008666349736,-118.41049483281228,86.27,2760,291.0,"open-meteo archive (era5_seamless), 1991-2020 Jun-Aug",2026-07-16
10005371,Lapd Valley Jail Section,34.183695097941026,-118.44523606464249,87.12,2760,218.0,"open-meteo archive (era5_seamless), 1991-2020 Jun-Aug",2026-07-16
10005283,Washington Ridge Conservation Camp #44,39.3079091221786,-120.93491737585298,81.67,2760,1174.0,"open-meteo archive (era5_seamless), 1991-2020 Jun-Aug",2026-07-16
10005340,Cois M. Byrd Detention Center,33.581147847246136,-117.12241672177,88.46,2760,416.0,"open-meteo archive (era5_seamless), 1991-2020 Jun-Aug",2026-07-16
10005341,Indio Juvenile Hall,33.70339507605988,-116.22241251718144,104.9,2760,-5.0,"open-meteo archive (era5_seamless), 1991-2020 Jun-Aug",2026-07-16
10006222,Camp Miller,34.093640682980926,-118.83823161297744,75.69,2760,537.0,"open-meteo archive (era5_seamless), 1991-2020 Jun-Aug",2026-07-16
10006225,Camp Paige,34.152893963471456,-117.7445140430745,84.57,2760,588.0,"open-meteo archive (era5_seamless), 1991-2020 Jun-Aug",2026-07-16
10005300,Stanislaus County Men'S Jail,37.640028286509654,-120.99654693026912,92.8,2760,37.0,"open-meteo archive (era5_seamless), 1991-2020 Jun-Aug",2026-07-16
10005352,Santa Barbara County Medium Security Facility,34.44605863466011,-119.77662913612724,80.91,2760,56.0,"open-meteo archive (era5_seamless), 1991-2020 Jun-Aug",2026-07-16
10000799,California Health Care Facility (Chcf),37.89778736654379,-121.1905848230992,89.56,2760,13.0,"open-meteo archive (era5_seamless), 1991-2020 Jun-Aug",2026-07-16
10001537,East Mesa Reentry Facility,32.588806952285296,-116.91889669723231,79.2,2760,227.0,"open-meteo archive (era5_seamless), 1991-2020 Jun-Aug",2026-07-16
10006712,Stanislaus County Public Safety Center Unit 1 And Unit 2,37.58469199864496,-120.98530101477655,92.94,2760,25.0,"open-meteo archive (era5_seamless), 1991-2020 Jun-Aug",2026-07-16
10006483,Arcadia Police Department Jail,34.13664247675464,-118.039708639047,87.2,2760,144.0,"open-meteo archive (era5_seamless), 1991-2020 Jun-Aug",2026-07-16
10006484,Azusa Police Department Jail,34.1348471024137,-117.90660066978482,86.63,2760,189.0,"open-meteo archive (era5_seamless), 1991-2020 Jun-Aug",2026-07-16
10006485,Beverly Hills Jail,34.073707405399574,-118.39985494688511,86.08,2760,83.0,"open-meteo archive (era5_seamless), 1991-2020 Jun-Aug",2026-07-16
10005273,Chamberlain Creek Conservation Camp #17,39.35761682929475,-123.55627164419816,77.32,2760,151.0,"open-meteo archive (era5_seamless), 1991-2020 Jun-Aug",2026-07-16
10002352,Burbank City Jail,34.18344638964236,-118.30845716063072,88.45,2760,205.0,"open-meteo archive (era5_seamless), 1991-2020 Jun-Aug",2026-07-16
10000780,Folsom State Prison (Fsp),38.69538346625723,-121.1630323451162,90.46,2760,84.0,"open-meteo archive (era5_seamless), 1991-2020 Jun-Aug",2026-07-16
10002344,Mcfarland Female Community Reentry Facility,35.667807046660805,-119.22698574189052,96.03,2760,109.0,"open-meteo archive (era5_seamless), 1991-2020 Jun-Aug",2026-07-16
10000895,Alhambra City Jail,34.091960461497386,-118.12667840621174,87.15,2760,148.0,"open-meteo archive (era5_seamless), 1991-2020 Jun-Aug",2026-07-16
10002314,Placer County Jail,38.93578158697222,-121.10759015408996,88.32,2760,431.0,"open-meteo archive (era5_seamless), 1991-2020 Jun-Aug",2026-07-16
10000782,Mule Creek State Prison (Mcsp),38.37074337471898,-120.95344581511613,88.98,2760,100.0,"open-meteo archive (era5_seamless), 1991-2020 Jun-Aug",2026-07-16
10005351,Youth Leadership Academy,33.78427717878771,-117.88641503087702,81.31,2760,42.0,"open-meteo archive (era5_seamless), 1991-2020 Jun-Aug",2026-07-16
10005345,Youth Guidance Center,33.781933227245936,-117.8831662123326,81.31,2760,42.0,"open-meteo archive (era5_seamless), 1991-2020 Jun-Aug",2026-07-16
10005346,Theo Lacy Facility,33.781923625999724,-117.88736079825428,81.26,2760,46.0,"open-meteo archive (era5_seamless), 1991-2020 Jun-Aug",2026-07-16
10005348,Joplin Youth Center,33.67791718589825,-117.5720756599411,83.15,2760,546.0,"open-meteo archive (era5_seamless), 1991-2020 Jun-Aug",2026-07-16
10005350,Central Jail Complex,33.749055093408764,-117.87858088438688,77.15,2760,43.0,"open-meteo archive (era5_seamless), 1991-2020 Jun-Aug",2026-07-16
10005333,High Desert Juvenile Detention And Assesment Center,34.63575816436559,-117.2056536197532,92.75,2760,957.0,"open-meteo archive (era5_seamless), 1991-2020 Jun-Aug",2026-07-16
10001536,Robert Presley Detention Center,33.97880875192602,-117.37430967453528,89.43,2760,265.0,"open-meteo archive (era5_seamless), 1991-2020 Jun-Aug",2026-07-16
10005347,Orange County Juvenile Hall,33.7849812586864,-117.88594679668442,81.31,2760,42.0,"open-meteo archive (era5_seamless), 1991-2020 Jun-Aug",2026-07-16
10006231,San Benito County Juvenile Hall,36.882705577003165,-121.41202368335358,82.13,2760,71.0,"open-meteo archive (era5_seamless), 1991-2020 Jun-Aug",2026-07-16
10000862,John J. Benoit Detention Center,33.71389710445651,-116.22170360532692,104.84,2760,0.0,"open-meteo archive (era5_seamless), 1991-2020 Jun-Aug",2026-07-16
10005269,Plumas County Correctional Facility,39.93342338185887,-120.9078241146987,85.63,2760,1067.0,"open-meteo archive (era5_seamless), 1991-2020 Jun-Aug",2026-07-16
10000779,Rio Cosumnes Correctional Center,38.30639934939619,-121.42332506830044,88.28,2760,7.0,"open-meteo archive (era5_seamless), 1991-2020 Jun-Aug",2026-07-16
10005330,Regional Youth Educational Facility,34.12908750028364,-117.2698025112236,89.51,2760,348.0,"open-meteo archive (era5_seamless), 1991-2020 Jun-Aug",2026-07-16
10000860,Riverside County Juvenile Hall,33.92015344766866,-117.45258276134564,89.73,2760,237.0,"open-meteo archive (era5_seamless), 1991-2020 Jun-Aug",2026-07-16
10006706,South Placer Jail,38.80841284215149,-121.30157845897398,91.41,2760,37.0,"open-meteo archive (era5_seamless), 1991-2020 Jun-Aug",2026-07-16
10001538,George F Bailey Detention Facility,32.590543113063475,-116.92149827863445,79.3,2760,219.0,"open-meteo archive (era5_seamless), 1991-2020 Jun-Aug",2026-07-16
10005344,Southwest Juvenile Hall,33.58079488429191,-117.11979655719516,88.47,2760,415.0,"open-meteo archive (era5_seamless), 1991-2020 Jun-Aug",2026-07-16
10005354,East Mesa Juvenile Detention Facility,32.590858306967554,-116.91812114373408,79.16,2760,230.0,"open-meteo archive (era5_seamless), 1991-2020 Jun-Aug",2026-07-16
10000876,Las Colinas Detention And Reentry Facility,32.842112726419444,-116.97338191264392,80.35,2760,106.0,"open-meteo archive (era5_seamless), 1991-2020 Jun-Aug",2026-07-16
10005360,Facility 8 Detention Facility,32.59134370566924,-116.92328667495188,79.33,2760,216.0,"open-meteo archive (era5_seamless), 1991-2020 Jun-Aug",2026-07-16
10005307,San Francisco General Hospital Ward 7D / 7L,37.75575802266862,-122.40447005119576,70.91,2760,16.0,"open-meteo archive (era5_seamless), 1991-2020 Jun-Aug",2026-07-16
10005356,Girls Rehabilitation Facility,32.79469992229926,-117.15229112960223,74.92,2760,114.0,"open-meteo archive (era5_seamless), 1991-2020 Jun-Aug",2026-07-16
10001525,San Francisco County Jail #2,37.77525144567049,-122.40490521229466,71.02,2760,7.0,"open-meteo archive (era5_seamless), 1991-2020 Jun-Aug",2026-07-16
10000872,San Diego Central Jail,32.71725211349196,-117.16427157272356,75.08,2760,19.0,"open-meteo archive (era5_seamless), 1991-2020 Jun-Aug",2026-07-16
10005358,Vista Detention Facility,33.19185669461099,-117.25692822932726,77.85,2760,100.0,"open-meteo archive (era5_seamless), 1991-2020 Jun-Aug",2026-07-16
10000875,Kearny Mesa Juvenile Detention Facility,32.794226714904966,-117.1533898985926,74.92,2760,114.0,"open-meteo archive (era5_seamless), 1991-2020 Jun-Aug",2026-07-16
10000798,San Joaquin County Jail,37.88571630267671,-121.29514967185196,89.67,2760,10.0,"open-meteo archive (era5_seamless), 1991-2020 Jun-Aug",2026-07-16
10000795,San Joaquin County Jail (Honor Farm),37.88450335521423,-121.30063185290682,89.74,2760,4.0,"open-meteo archive (era5_seamless), 1991-2020 Jun-Aug",2026-07-16
10001534,San Luis Obispo Juvenile Hall / Service Center,35.32137388763984,-120.71913149908312,78.2,2760,100.0,"open-meteo archive (era5_seamless), 1991-2020 Jun-Aug",2026-07-16
10005339,San Luis Obispo County Honor Farm Jail,35.32008468936467,-120.71574744929144,78.17,2760,103.0,"open-meteo archive (era5_seamless), 1991-2020 Jun-Aug",2026-07-16
10006709,Maple Street Correctional Center,37.49271532620894,-122.21912359465084,74.76,2760,3.0,"open-meteo archive (era5_seamless), 1991-2020 Jun-Aug",2026-07-16
10002333,Elmwood Correctional Complex,37.41857358803495,-121.90826096495222,81.82,2760,10.0,"open-meteo archive (era5_seamless), 1991-2020 Jun-Aug",2026-07-16
10006710,Los Prietos Boys Camp,34.54403216104945,-119.77705581302736,77.63,2760,336.0,"open-meteo archive (era5_seamless), 1991-2020 Jun-Aug",2026-07-16
10005353,Santa Barbara County Santa Maria Station Jail,34.8820997891649,-120.44654682784352,76.0,2760,87.0,"open-meteo archive (era5_seamless), 1991-2020 Jun-Aug",2026-07-16
10005260,Shasta County Jail,40.581341110839354,-122.3961983707309,94.66,2760,182.0,"open-meteo archive (era5_seamless), 1991-2020 Jun-Aug",2026-07-16
10005321,Santa Cruz Rountree Medium Security Facility,36.91382082681037,-121.8097597235208,70.63,2760,35.0,"open-meteo archive (era5_seamless), 1991-2020 Jun-Aug",2026-07-16
10006232,Santa Clara County Main Jail Complex (South),37.35101112246267,-121.9059750533212,81.69,2760,22.0,"open-meteo archive (era5_seamless), 1991-2020 Jun-Aug",2026-07-16
10005317,William F. James Ranch,37.167688466801366,-121.64668361685963,87.35,2760,123.0,"open-meteo archive (era5_seamless), 1991-2020 Jun-Aug",2026-07-16
10005246,Charlie'S Place Juvenile Day Reporting Center,41.70814455541497,-122.63516451171624,84.57,2760,817.0,"open-meteo archive (era5_seamless), 1991-2020 Jun-Aug",2026-07-16
10002328,Stanislaus County Public Safety Center,37.58464851762791,-120.98997965152364,92.89,2760,29.0,"open-meteo archive (era5_seamless), 1991-2020 Jun-Aug",2026-07-16
10000787,Solano County Claybank Detention Facility,38.27466985440152,-121.9999655085075,87.1,2760,20.0,"open-meteo archive (era5_seamless), 1991-2020 Jun-Aug",2026-07-16
10001528,Santa Cruz Blaine Street Facility,36.98062037922893,-122.02368691172828,67.31,2760,8.0,"open-meteo archive (era5_seamless), 1991-2020 Jun-Aug",2026-07-16
10005259,Shasta County Juvenile Hall,40.54877363345071,-122.37903034906776,94.61,2760,147.0,"open-meteo archive (era5_seamless), 1991-2020 Jun-Aug",2026-07-16
10002321,Sonoma County Main Adult Detention Facility,38.46729912018051,-122.72636627453036,86.2,2760,53.0,"open-meteo archive (era5_seamless), 1991-2020 Jun-Aug",2026-07-16
10005268,Tehama County Juvenile Detention Facility,40.17081458396152,-122.2535441639448,93.48,2760,99.0,"open-meteo archive (era5_seamless), 1991-2020 Jun-Aug",2026-07-16
10005247,Siskiyou County Jail,41.73061853007981,-122.63942281132562,84.73,2760,803.0,"open-meteo archive (era5_seamless), 1991-2020 Jun-Aug",2026-07-16
10005279,Maxine Singer Youth Guidance Center,39.150533216033175,-121.59901636846423,93.71,2760,22.0,"open-meteo archive (era5_seamless), 1991-2020 Jun-Aug",2026-07-16
10002337,Tulare County Adult Pre-Trial Facility,36.455097924738425,-119.3212963420362,94.73,2760,96.0,"open-meteo archive (era5_seamless), 1991-2020 Jun-Aug",2026-07-16
10002329,Stanislaus County Juvenile Hall And Commitment Facility,37.6621433321267,-121.04312110071773,91.77,2760,22.0,"open-meteo archive (era5_seamless), 1991-2020 Jun-Aug",2026-07-16
10002335,Tulare County Juvenile Detention Facility,36.459985601850285,-119.32306031943332,94.7,2760,99.0,"open-meteo archive (era5_seamless), 1991-2020 Jun-Aug",2026-07-16
10005255,Trinity County Juvenile Hall,40.74978944878197,-122.9239474369582,89.37,2760,711.0,"open-meteo archive (era5_seamless), 1991-2020 Jun-Aug",2026-07-16
10002334,Tulare County Probation Youth Facility,36.45910316552269,-119.32517720490618,94.75,2760,95.0,"open-meteo archive (era5_seamless), 1991-2020 Jun-Aug",2026-07-16
10005257,Trinity County Sheriffs Department,40.73648742589344,-122.94609726979162,90.31,2760,631.0,"open-meteo archive (era5_seamless), 1991-2020 Jun-Aug",2026-07-16
10005278,Yuba - Sutter County Juvenile Hall,39.14996004987066,-121.60011301200107,93.39,2760,22.0,"open-meteo archive (era5_seamless), 1991-2020 Jun-Aug",2026-07-16
10001523,Tuolumne County Jail,37.98419394935426,-120.38611882763914,87.24,2760,556.0,"open-meteo archive (era5_seamless), 1991-2020 Jun-Aug",2026-07-16
10000882,Ventura County Todd Road Facility,34.30928593996256,-119.11220945474956,79.9,2760,61.0,"open-meteo archive (era5_seamless), 1991-2020 Jun-Aug",2026-07-16
10002336,Tulare County Jail / Sheriff,36.3281261212818,-119.31714995811475,95.34,2760,99.0,"open-meteo archive (era5_seamless), 1991-2020 Jun-Aug",2026-07-16
10000899,Hawthorne City Jail,33.919601544152606,-118.35318367048885,80.73,2760,25.0,"open-meteo archive (era5_seamless), 1991-2020 Jun-Aug",2026-07-16
10000896,Downey City Jail,33.940698529363736,-118.12853422450073,83.6,2760,38.0,"open-meteo archive (era5_seamless), 1991-2020 Jun-Aug",2026-07-16
10000906,Montebello City Jail,34.0207959161168,-118.11638105213125,84.93,2760,86.0,"open-meteo archive (era5_seamless), 1991-2020 Jun-Aug",2026-07-16
10000846,Taft Modified Community Correctional Facility,35.13415778402242,-119.44146788011987,92.78,2760,266.0,"open-meteo archive (era5_seamless), 1991-2020 Jun-Aug",2026-07-16
10005365,Vernon City Jail (Holding Facility),34.004594416549466,-118.23087236982576,83.97,2760,64.0,"open-meteo archive (era5_seamless), 1991-2020 Jun-Aug",2026-07-16
10005304,Fremont Detention Facility,37.55219822678668,-121.9681860469508,80.92,2760,20.0,"open-meteo archive (era5_seamless), 1991-2020 Jun-Aug",2026-07-16
10000845,Shafter Modified Community Correctional Facility,35.495318067849404,-119.25905776312544,97.73,2760,107.0,"open-meteo archive (era5_seamless), 1991-2020 Jun-Aug",2026-07-16
10000843,Delano Modified Community Correctional Facility,35.76564031898252,-119.30429085361187,96.34,2760,82.0,"open-meteo archive (era5_seamless), 1991-2020 Jun-Aug",2026-07-16
10006482,Anaheim Detention Facility,33.83019210335317,-117.91905930414576,81.25,2760,47.0,"open-meteo archive (era5_seamless), 1991-2020 Jun-Aug",2026-07-16
10006903,Ontario City Jail,34.02929606104588,-117.59681333407,86.97,2760,251.0,"open-meteo archive (era5_seamless), 1991-2020 Jun-Aug",2026-07-16
10006902,Huntington Beach City Jail,33.677626503376,-118.00088530130684,76.91,2760,21.0,"open-meteo archive (era5_seamless), 1991-2020 Jun-Aug",2026-07-16
10006904,Hayward Detention Facility,37.65752960106487,-122.0969066128883,79.02,2760,23.0,"open-meteo archive (era5_seamless), 1991-2020 Jun-Aug",2026-07-16
10006905,Pasadena Jail,34.14918573594655,-118.14481080966269,85.72,2760,270.0,"open-meteo archive (era5_seamless), 1991-2020 Jun-Aug",2026-07-16
10006494,Fullerton City Jail,33.87085843600594,-117.92818641617431,85.52,2760,51.0,"open-meteo archive (era5_seamless), 1991-2020 Jun-Aug",2026-07-16
10006493,El Monte Jail,34.07158043477895,-118.0302635150937,87.84,2760,89.0,"open-meteo archive (era5_seamless), 1991-2020 Jun-Aug",2026-07-16
10006906,Berkeley Jail Facility,37.87020999993821,-122.27328174212134,78.27,2760,51.0,"open-meteo archive (era5_seamless), 1991-2020 Jun-Aug",2026-07-16
10006499,West Covina Jail,34.07130466380657,-117.93886373342276,87.43,2760,120.0,"open-meteo archive (era5_seamless), 1991-2020 Jun-Aug",2026-07-16
10005271,Butte County Jail,39.52949746158004,-121.5745062299414,92.86,2760,77.0,"open-meteo archive (era5_seamless), 1991-2020 Jun-Aug",2026-07-16
10006490,Costa Mesa Jail,33.6633743002085,-117.9041902557805,77.38,2760,23.0,"open-meteo archive (era5_seamless), 1991-2020 Jun-Aug",2026-07-16
10005298,Calaveras County Jail,38.19353619014131,-120.66538822180613,87.74,2760,348.0,"open-meteo archive (era5_seamless), 1991-2020 Jun-Aug",2026-07-16
10006907,South Gate Jail,33.95672114568816,-118.205100443669,84.27,2760,38.0,"open-meteo archive (era5_seamless), 1991-2020 Jun-Aug",2026-07-16
10006698,Camp Wilmont Sweeney,37.71256207654158,-122.11612045675584,78.16,2760,96.0,"open-meteo archive (era5_seamless), 1991-2020 Jun-Aug",2026-07-16
10002324,Marsh Creek Detention Facility,37.8944241433025,-121.86505370001386,82.76,2760,192.0,"open-meteo archive (era5_seamless), 1991-2020 Jun-Aug",2026-07-16
10006908,Santa Monica Jail,34.01221467658367,-118.49079223643082,83.21,2760,24.0,"open-meteo archive (era5_seamless), 1991-2020 Jun-Aug",2026-07-16
10005286,Colusa County Jail,39.205571786654794,-122.00325941610808,96.29,2760,18.0,"open-meteo archive (era5_seamless), 1991-2020 Jun-Aug",2026-07-16
10006500,Whittier Jail,33.97496527739392,-118.03462367231562,85.85,2760,96.0,"open-meteo archive (era5_seamless), 1991-2020 Jun-Aug",2026-07-16
10005312,Fresno County Jail North Annex,36.738616880263095,-119.79041979901356,95.63,2760,90.0,"open-meteo archive (era5_seamless), 1991-2020 Jun-Aug",2026-07-16
10006440,South Lake Juvenile Treatment Center,38.935201491263825,-119.97219591552351,76.49,2760,1916.0,"open-meteo archive (era5_seamless), 1991-2020 Jun-Aug",2026-07-16
10006486,Buena Park City Jail,33.86413456620653,-117.99695734946756,84.79,2760,25.0,"open-meteo archive (era5_seamless), 1991-2020 Jun-Aug",2026-07-16
10005311,Fresno County Main Detention Facility,36.73819529451567,-119.7899519676438,95.63,2760,90.0,"open-meteo archive (era5_seamless), 1991-2020 Jun-Aug",2026-07-16
10002312,Glenn County Jail,39.519679878877575,-122.2003805703925,94.85,2760,43.0,"open-meteo archive (era5_seamless), 1991-2020 Jun-Aug",2026-07-16
10005313,Fresno County Jail South Annex,36.737340306481336,-119.78920805046889,95.64,2760,89.0,"open-meteo archive (era5_seamless), 1991-2020 Jun-Aug",2026-07-16
10005254,Humboldt County Correctional Facility,40.80297362800573,-124.16156606209246,64.83,2760,18.0,"open-meteo archive (era5_seamless), 1991-2020 Jun-Aug",2026-07-16
10000880,Imperial County Jail,32.74730136464732,-115.56369468007372,106.36,2760,-6.0,"open-meteo archive (era5_seamless), 1991-2020 Jun-Aug",2026-07-16
10006496,Redondo Beach Jail,33.84487497243068,-118.38832350793837,80.76,2760,23.0,"open-meteo archive (era5_seamless), 1991-2020 Jun-Aug",2026-07-16
10002356,Century Regional Detention Center,33.92808328856635,-118.22748820851368,82.34,2760,33.0,"open-meteo archive (era5_seamless), 1991-2020 Jun-Aug",2026-07-16
10005336,Kern County Lerdo Pre-Trial Facility,35.509232224714665,-119.11066155139858,95.71,2760,165.0,"open-meteo archive (era5_seamless), 1991-2020 Jun-Aug",2026-07-16
10005334,Larry J Rhoades Kern Crossroads Facility,35.50544049501467,-119.11506321759109,95.8,2760,158.0,"open-meteo archive (era5_seamless), 1991-2020 Jun-Aug",2026-07-16
10002343,Kern County Central Receiving Facility,35.372514913991346,-119.01775467607553,93.71,2760,126.0,"open-meteo archive (era5_seamless), 1991-2020 Jun-Aug",2026-07-16
10000889,Inmate Reception Center,34.05882860956883,-118.2307921797654,87.05,2760,95.0,"open-meteo archive (era5_seamless), 1991-2020 Jun-Aug",2026-07-16
10005280,Lake County Hill Road Jail,39.104174901130456,-122.91333000554673,88.55,2760,447.0,"open-meteo archive (era5_seamless), 1991-2020 Jun-Aug",2026-07-16
10006704,Mariposa County Juvenile Detention Facility,37.488618729358855,-119.96803812171764,88.29,2760,613.0,"open-meteo archive (era5_seamless), 1991-2020 Jun-Aug",2026-07-16
10006909,Huntington Park Jail,33.9796633125608,-118.21863230920243,84.1,2760,53.0,"open-meteo archive (era5_seamless), 1991-2020 Jun-Aug",2026-07-16
10000912,Barry J Nidorf Juvenile Hall,34.315820791234124,-118.48324565628825,86.42,2760,391.0,"open-meteo archive (era5_seamless), 1991-2020 Jun-Aug",2026-07-16
10005262,Lassen County Juvenile Detention Facility,40.42450028814349,-120.64836918474327,84.74,2760,1281.0,"open-meteo archive (era5_seamless), 1991-2020 Jun-Aug",2026-07-16
10000888,Men'S Central Jail,34.060423389772325,-118.23112916876896,87.04,2760,96.0,"open-meteo archive (era5_seamless), 1991-2020 Jun-Aug",2026-07-16
10000803,Madera County Juvenile Detention Facility,36.95303248598929,-120.03571367061356,95.17,2760,85.0,"open-meteo archive (era5_seamless), 1991-2020 Jun-Aug",2026-07-16
10001524,Marin County Jail,37.999504270594485,-122.53252445910216,72.8,2760,14.0,"open-meteo archive (era5_seamless), 1991-2020 Jun-Aug",2026-07-16
10000807,Merced County Jail,37.30716956554306,-120.48382018893972,94.7,2760,54.0,"open-meteo archive (era5_seamless), 1991-2020 Jun-Aug",2026-07-16
10005306,Mariposa County Adult Detention Facility,37.49996234905585,-119.987694996906,87.77,2760,658.0,"open-meteo archive (era5_seamless), 1991-2020 Jun-Aug",2026-07-16
10005250,Modoc County Jail,41.483803440499145,-120.54072090870048,82.38,2760,1331.0,"open-meteo archive (era5_seamless), 1991-2020 Jun-Aug",2026-07-16
10005295,Mono County Jail,38.25701172449448,-119.2281627852132,79.01,2760,1973.0,"open-meteo archive (era5_seamless), 1991-2020 Jun-Aug",2026-07-16
10005284,Wayne Brown Correctional Facility,39.268673229848154,-121.02790388529456,85.15,2760,813.0,"open-meteo archive (era5_seamless), 1991-2020 Jun-Aug",2026-07-16
10000890,Pitchess Detention Center-North,34.46919331550016,-118.60482801608542,89.77,2760,347.0,"open-meteo archive (era5_seamless), 1991-2020 Jun-Aug",2026-07-16
10005375,Twin Towers Correctional Facility,34.058445694210576,-118.23061700116908,87.05,2760,95.0,"open-meteo archive (era5_seamless), 1991-2020 Jun-Aug",2026-07-16
10002319,Napa County Jail,38.296730767207286,-122.2843068502495,86.13,2760,9.0,"open-meteo archive (era5_seamless), 1991-2020 Jun-Aug",2026-07-16
10002311,Mendocino County Jail / Sheriff,39.16039412256435,-123.220204359166,87.91,2760,203.0,"open-meteo archive (era5_seamless), 1991-2020 Jun-Aug",2026-07-16
10005291,Napa County Juvenile Justice Center,38.28828227700995,-122.29963939302542,86.11,2760,11.0,"open-meteo archive (era5_seamless), 1991-2020 Jun-Aug",2026-07-16
10005274,Mendocino County Juvenile Hall,39.15926394896029,-123.21691581616892,87.97,2760,198.0,"open-meteo archive (era5_seamless), 1991-2020 Jun-Aug",2026-07-16
10001530,California Correctional Institution (Cci),35.10991555190383,-118.57033067748,84.88,2760,1190.0,"open-meteo archive (era5_seamless), 1991-2020 Jun-Aug",2026-07-16
10000836,California Institution For Men (Cim),33.98471244959707,-117.68239170046569,86.53,2760,190.0,"open-meteo archive (era5_seamless), 1991-2020 Jun-Aug",2026-07-16
10000850,Golden State Annex,35.669938224404156,-119.22807495791346,96.01,2760,111.0,"open-meteo archive (era5_seamless), 1991-2020 Jun-Aug",2026-07-16
10000851,Central Valley Annex,35.66816608613756,-119.22874700161184,95.99,2760,113.0,"open-meteo archive (era5_seamless), 1991-2020 Jun-Aug",2026-07-16
10000817,Correctional Training Facility (Ctf),36.46964827416208,-121.38223254073095,86.82,2760,67.0,"open-meteo archive (era5_seamless), 1991-2020 Jun-Aug",2026-07-16
10002341,California Institution For Women (Ciw),33.94974539755923,-117.6363650322742,88.87,2760,174.0,"open-meteo archive (era5_seamless), 1991-2020 Jun-Aug",2026-07-16
10000785,California Medical Facility (Cmf),38.3285102029971,-121.97916451130509,86.79,2760,46.0,"open-meteo archive (era5_seamless), 1991-2020 Jun-Aug",2026-07-16
10000786,Delta Conservation Camp #8,38.217626008443645,-121.84722364621932,85.99,2760,25.0,"open-meteo archive (era5_seamless), 1991-2020 Jun-Aug",2026-07-16
10000857,California Rehabilitation Center (Crc),33.9292530412966,-117.5725312861978,88.67,2760,191.0,"open-meteo archive (era5_seamless), 1991-2020 Jun-Aug",2026-07-16
10005282,Konocti Conservation Camp #27,38.91057030566233,-122.7077601724924,88.35,2760,614.0,"open-meteo archive (era5_seamless), 1991-2020 Jun-Aug",2026-07-16
10006347,La Cima Conservation Camp #42,32.93893654769131,-116.53689248814348,84.97,2760,1462.0,"open-meteo archive (era5_seamless), 1991-2020 Jun-Aug",2026-07-16
10002322,"California State Prison, Sacramento (Sac)",38.694444232143624,-121.15390376526624,90.07,2760,117.0,"open-meteo archive (era5_seamless), 1991-2020 Jun-Aug",2026-07-16
10000811,Miramonte Conservation Camp #5,36.672531545811935,-119.08573875853784,84.38,2760,899.0,"open-meteo archive (era5_seamless), 1991-2020 Jun-Aug",2026-07-16
10002353,California State Prison-Los Angeles County (Lac),34.693596500791955,-118.2276135961975,91.96,2760,718.0,"open-meteo archive (era5_seamless), 1991-2020 Jun-Aug",2026-07-16
10002349,Acton Conservation Camp #11,34.437431767090374,-118.287350782123,88.34,2760,672.0,"open-meteo archive (era5_seamless), 1991-2020 Jun-Aug",2026-07-16
10000790,San Quentin State Prison (Sq),37.940039851419016,-122.4903665969169,71.47,2760,5.0,"open-meteo archive (era5_seamless), 1991-2020 Jun-Aug",2026-07-16
10000847,Wasco State Prison (Wsp),35.59431194493489,-119.40833193657431,97.91,2760,90.0,"open-meteo archive (era5_seamless), 1991-2020 Jun-Aug",2026-07-16
10002340,Desert View Annex,34.55992220018533,-117.4373207394121,93.63,2760,899.0,"open-meteo archive (era5_seamless), 1991-2020 Jun-Aug",2026-07-16
10000879,Puerta La Cruz Conservation Camp #14,33.32449679713223,-116.68321048338171,90.45,2760,913.0,"open-meteo archive (era5_seamless), 1991-2020 Jun-Aug",2026-07-16
10000808,John Latorraca Correctional Facility,37.189420106543345,-120.53775921676562,95.19,2760,39.0,"open-meteo archive (era5_seamless), 1991-2020 Jun-Aug",2026-07-16
10000841,North Kern State Prison (Nksp),35.78188517301339,-119.30987566982682,96.34,2760,82.0,"open-meteo archive (era5_seamless), 1991-2020 Jun-Aug",2026-07-16
10005299,Vallecito Conservation Camp #1,38.106427356926375,-120.48874358476203,86.37,2760,605.0,"open-meteo archive (era5_seamless), 1991-2020 Jun-Aug",2026-07-16
10006532,Department Of State Hospitals - Atascadero,35.46406026013646,-120.6348665784761,85.42,2760,281.0,"open-meteo archive (era5_seamless), 1991-2020 Jun-Aug",2026-07-16
10001522,Sierra Conservation Center (Scc),37.89168865412792,-120.53654018648405,88.94,2760,324.0,"open-meteo archive (era5_seamless), 1991-2020 Jun-Aug",2026-07-16
10000784,Pine Grove Conservation Camp,38.4117068986096,-120.63947541383544,85.3,2760,713.0,"open-meteo archive (era5_seamless), 1991-2020 Jun-Aug",2026-07-16
10000856,Norco Conservation Camp #0,33.92691793871164,-117.57594424895476,88.67,2760,191.0,"open-meteo archive (era5_seamless), 1991-2020 Jun-Aug",2026-07-16
10006531,Department Of State Hospitals - Coalinga,36.13343268870778,-120.24044350195224,95.53,2760,177.0,"open-meteo archive (era5_seamless), 1991-2020 Jun-Aug",2026-07-16
10000902,Francisquito Conservation Camp #4,34.565337588031426,-118.47580837113031,87.82,2760,574.0,"open-meteo archive (era5_seamless), 1991-2020 Jun-Aug",2026-07-16
10005253,High Rock Conservation Camp #32,40.375077084153816,-123.9312622305967,79.18,2760,222.0,"open-meteo archive (era5_seamless), 1991-2020 Jun-Aug",2026-07-16
10000838,Oak Glen Conservation Camp #35,34.03332926365807,-116.90609379198143,81.81,2760,1680.0,"open-meteo archive (era5_seamless), 1991-2020 Jun-Aug",2026-07-16
10000844,Kern Valley State Prison (Kvsp),35.76647451591408,-119.32536275967016,96.37,2760,80.0,"open-meteo archive (era5_seamless), 1991-2020 Jun-Aug",2026-07-16
10000861,Ironwood State Prison (Isp),33.56097662668156,-114.9260675684116,105.56,2760,138.0,"open-meteo archive (era5_seamless), 1991-2020 Jun-Aug",2026-07-16
10000821,Salinas Valley State Prison (Svsp),36.47885711260287,-121.37439425565836,86.54,2760,91.0,"open-meteo archive (era5_seamless), 1991-2020 Jun-Aug",2026-07-16
10005272,Parlin Fork Conservation Camp #6,39.36977478501272,-123.6556177393927,74.32,2760,81.0,"open-meteo archive (era5_seamless), 1991-2020 Jun-Aug",2026-07-16
10000870,South Bay Detention Facility,32.63304064341742,-117.07753111701798,73.46,2760,28.0,"open-meteo archive (era5_seamless), 1991-2020 Jun-Aug",2026-07-16
10006220,Camp Gonzales,34.08770877517197,-118.70768791922296,81.29,2760,175.0,"open-meteo archive (era5_seamless), 1991-2020 Jun-Aug",2026-07-17
10005296,Amador County Jail,38.351538648718005,-120.76931828684096,86.82,2760,378.0,"open-meteo archive (era5_seamless), 1991-2020 Jun-Aug",2026-07-17
10006226,Camp Rockey,34.1345449734149,-117.79496229533272,84.23,2760,447.0,"open-meteo archive (era5_seamless), 1991-2020 Jun-Aug",2026-07-17
10002338,Bob Wiley Detention Facility,36.45663045552659,-119.32069305186393,94.71,2760,98.0,"open-meteo archive (era5_seamless), 1991-2020 Jun-Aug",2026-07-17
10006229,Camp Scudder,34.45854032992573,-118.4828038923584,89.36,2760,443.0,"open-meteo archive (era5_seamless), 1991-2020 Jun-Aug",2026-07-17
10005289,El Dorado County Jail - South Lake Tahoe,38.9340685149632,-119.97213762662253,76.5,2760,1915.0,"open-meteo archive (era5_seamless), 1991-2020 Jun-Aug",2026-07-17
10005288,El Dorado County Jail - Placerville,38.72391175979539,-120.82363571641528,85.7,2760,595.0,"open-meteo archive (era5_seamless), 1991-2020 Jun-Aug",2026-07-17
10005270,Butte County Juvenile Hall,39.529692691577225,-121.57051867645444,92.8,2760,82.0,"open-meteo archive (era5_seamless), 1991-2020 Jun-Aug",2026-07-17
10000900,Camp Afflerbaugh,34.15309188637279,-117.74191185518086,84.62,2760,584.0,"open-meteo archive (era5_seamless), 1991-2020 Jun-Aug",2026-07-17
10005320,Inyo County Jail,36.79894438134117,-118.19380693837496,91.6,2760,1196.0,"open-meteo archive (era5_seamless), 1991-2020 Jun-Aug",2026-07-17
10006705,Carl F. Bryan Ii Juvenile Hall,39.26565985450622,-121.03245172516118,85.14,2760,814.0,"open-meteo archive (era5_seamless), 1991-2020 Jun-Aug",2026-07-17
10006703,Camp Erwin Owen,35.76932479905095,-118.42746270426794,92.36,2760,848.0,"open-meteo archive (era5_seamless), 1991-2020 Jun-Aug",2026-07-17
10000834,Central Detention Center,34.10242616729506,-117.27345082727165,89.86,2760,318.0,"open-meteo archive (era5_seamless), 1991-2020 Jun-Aug",2026-07-17
10000827,Kings County Jail,36.33368353541322,-119.66961592010344,96.94,2760,71.0,"open-meteo archive (era5_seamless), 1991-2020 Jun-Aug",2026-07-17
10006702,Fresno County Juvenile Justice Campus,36.65951325902287,-119.72474618057136,95.52,2760,92.0,"open-meteo archive (era5_seamless), 1991-2020 Jun-Aug",2026-07-17
10005331,West Valley Detention Center,34.08118905127584,-117.52915047961852,89.81,2760,330.0,"open-meteo archive (era5_seamless), 1991-2020 Jun-Aug",2026-07-17
10000828,High Desert Detention Center,34.5475073764621,-117.45763172644712,92.58,2760,915.0,"open-meteo archive (era5_seamless), 1991-2020 Jun-Aug",2026-07-17
10005325,Kings County Juvenile Detention Center,36.33158401889679,-119.66762056058052,96.96,2760,70.0,"open-meteo archive (era5_seamless), 1991-2020 Jun-Aug",2026-07-17
10002331,Santa Rita Jail,37.71784061903257,-121.88779040170296,82.63,2760,117.0,"open-meteo archive (era5_seamless), 1991-2020 Jun-Aug",2026-07-17
20000100,Trinity County Correctional Facility,40.750736220204836,-122.92319829648272,89.22,2760,716.0,"open-meteo archive (era5_seamless), 1991-2020 Jun-Aug",2026-07-17
10000775,Lassen County Adult Detention Facility,40.42573469368667,-120.65008647053216,84.38,2760,1287.0,"open-meteo archive (era5_seamless), 1991-2020 Jun-Aug",2026-07-17
10006699,John A. Davis Juvenile Hall,37.98822234273883,-122.08867712061308,81.74,2760,54.0,"open-meteo archive (era5_seamless), 1991-2020 Jun-Aug",2026-07-17
10000809,Iris Garrett Juvenile Justice Complex,37.18771223201478,-120.54145188502224,95.22,2760,37.0,"open-meteo archive (era5_seamless), 1991-2020 Jun-Aug",2026-07-17
10002325,West County Detention Facility,37.99541519496946,-122.35366094214724,79.81,2760,19.0,"open-meteo archive (era5_seamless), 1991-2020 Jun-Aug",2026-07-17
10000778,Sacramento County Main Jail,38.583018280359575,-121.4975209718283,91.43,2760,14.0,"open-meteo archive (era5_seamless), 1991-2020 Jun-Aug",2026-07-17
10005349,James A Musick Facility,33.66397649112649,-117.69931931581662,82.48,2760,147.0,"open-meteo archive (era5_seamless), 1991-2020 Jun-Aug",2026-07-17
10005308,Madera Adult Correctional Facility,36.95420893495739,-120.03497358639753,95.18,2760,84.0,"open-meteo archive (era5_seamless), 1991-2020 Jun-Aug",2026-07-17
10000791,Marin County Juvenile Hall,38.02754018293216,-122.56630899802622,71.17,2760,43.0,"open-meteo archive (era5_seamless), 1991-2020 Jun-Aug",2026-07-17
10005335,Mojave Jail,35.04626018655627,-118.1625003600632,92.21,2760,834.0,"open-meteo archive (era5_seamless), 1991-2020 Jun-Aug",2026-07-17
10005337,Kern County Lerdo Maximum-Medium Facility,35.510712769404066,-119.11037865485692,95.7,2760,166.0,"open-meteo archive (era5_seamless), 1991-2020 Jun-Aug",2026-07-17
10005338,Kern County Lerdo Minimum Facility,35.51247844150768,-119.11013689243094,95.7,2760,166.0,"open-meteo archive (era5_seamless), 1991-2020 Jun-Aug",2026-07-17
10002326,Martinez Detention Facility,38.01736383431603,-122.13224601906312,82.2,2760,15.0,"open-meteo archive (era5_seamless), 1991-2020 Jun-Aug",2026-07-17
10002313,Yuba County Jail,39.14114653002424,-121.58690840125676,93.4,2760,21.0,"open-meteo archive (era5_seamless), 1991-2020 Jun-Aug",2026-07-17
10006439,Placer County Juvenile Detention Center,38.93667972767868,-121.10931248260697,88.37,2760,427.0,"open-meteo archive (era5_seamless), 1991-2020 Jun-Aug",2026-07-17
10006707,Sacramento County Youth Detention Facility,38.54604226446235,-121.3405908477844,90.04,2760,24.0,"open-meteo archive (era5_seamless), 1991-2020 Jun-Aug",2026-07-17
10001526,San Francisco County Jail #2 Annex,37.77546199277186,-122.40416818642215,70.92,2760,15.0,"open-meteo archive (era5_seamless), 1991-2020 Jun-Aug",2026-07-17
10000805,San Francisco County Jail #3,37.62744097672951,-122.4603625644674,67.92,2760,189.0,"open-meteo archive (era5_seamless), 1991-2020 Jun-Aug",2026-07-17
10000854,San Luis Obispo County Jail,35.32070973785056,-120.7267914288845,78.36,2760,87.0,"open-meteo archive (era5_seamless), 1991-2020 Jun-Aug",2026-07-17
10000797,San Joaquin County Juvenile Hall,37.88362185715131,-121.29059713126162,89.73,2760,5.0,"open-meteo archive (era5_seamless), 1991-2020 Jun-Aug",2026-07-17
10000820,Monterey County Youth Center,36.678865705631374,-121.62745479242824,76.87,2760,21.0,"open-meteo archive (era5_seamless), 1991-2020 Jun-Aug",2026-07-17
10006711,Solano County Stanton Correctional Facility,38.27371914804761,-121.99938649727412,87.1,2760,20.0,"open-meteo archive (era5_seamless), 1991-2020 Jun-Aug",2026-07-17
10005315,Santa Clara County Main Jail Complex (North),37.351471306559965,-121.90623800435311,81.69,2760,22.0,"open-meteo archive (era5_seamless), 1991-2020 Jun-Aug",2026-07-17
10000818,Monterey County Jail / Rehabilitation Facility,36.6990536439476,-121.6303604023972,76.78,2760,29.0,"open-meteo archive (era5_seamless), 1991-2020 Jun-Aug",2026-07-17
10001529,Santa Cruz County Main Jail,36.98011161131043,-122.02381977917152,67.31,2760,8.0,"open-meteo archive (era5_seamless), 1991-2020 Jun-Aug",2026-07-17
10005314,Santa Clara County Juvenile Hall,37.34970166305614,-121.90715984251057,81.31,2760,25.0,"open-meteo archive (era5_seamless), 1991-2020 Jun-Aug",2026-07-17
10000788,Solano County Justice Center Detention Facility,38.24734151191261,-122.0393212229116,84.85,2760,8.0,"open-meteo archive (era5_seamless), 1991-2020 Jun-Aug",2026-07-17
10000868,Santa Maria Juvenile Hall,34.8809478871633,-120.44720314021224,76.02,2760,86.0,"open-meteo archive (era5_seamless), 1991-2020 Jun-Aug",2026-07-17
10000819,Monterey County Juvenile Hall,36.700423193185415,-121.63243384862332,76.81,2760,26.0,"open-meteo archive (era5_seamless), 1991-2020 Jun-Aug",2026-07-17
10005277,Sierra County Jail Temporary Holding Facility,39.558897821651826,-120.83026440189096,86.04,2760,883.0,"open-meteo archive (era5_seamless), 1991-2020 Jun-Aug",2026-07-17
10005293,Sonoma County Juvenile Hall,38.44154467199271,-122.5821207731632,84.55,2760,160.0,"open-meteo archive (era5_seamless), 1991-2020 Jun-Aug",2026-07-17
10005297,Solano County Juvenile Detention Facility,38.251590132038416,-122.0642316186344,87.3,2760,10.0,"open-meteo archive (era5_seamless), 1991-2020 Jun-Aug",2026-07-17
10005294,Sonoma County Probation Camp,38.504195449308106,-122.8691064487371,81.07,2760,70.0,"open-meteo archive (era5_seamless), 1991-2020 Jun-Aug",2026-07-17
10002320,North County Detention Facility,38.513140047609944,-122.80147808524178,83.63,2760,36.0,"open-meteo archive (era5_seamless), 1991-2020 Jun-Aug",2026-07-17
10000865,Santa Barbara County Main Jail,34.44490502379509,-119.77712765160398,81.0,2760,48.0,"open-meteo archive (era5_seamless), 1991-2020 Jun-Aug",2026-07-17
10000886,Ventura County Pre-Trial Detention Facility (Main Jail),34.26940988794384,-119.20927538337398,77.78,2760,76.0,"open-meteo archive (era5_seamless), 1991-2020 Jun-Aug",2026-07-17
10000885,Ventura County Juvenile Justice Complex,34.25611380659831,-119.15972354105072,78.28,2760,33.0,"open-meteo archive (era5_seamless), 1991-2020 Jun-Aug",2026-07-17
10002317,Yolo County Monroe Detention Center,38.659879421445865,-121.7314816044994,92.83,2760,14.0,"open-meteo archive (era5_seamless), 1991-2020 Jun-Aug",2026-07-17
