facilityid,name,address,city,state,zip,telephone,type,status,population,county,countyfips,country,website,securelvl,capacity,geometry,longitude,latitude,tract_geoid,capacity_percent,cdcr_code,cdcr_firecamp,average_2025_population,capacity_percent_2025,year_opened,year_opened_notes,reentry_hub,planned_closure,california_model_facility,cdcr_air_cooling_pilot
10000771,Alder Conservation Camp #20,1400 Alder Camp Road,Klamath,CA,95548,(707) 482-4511,STATE,OPEN,,DEL NORTE,6015,USA,https://www.cdcr.ca.gov/facility-locator/conservation-camps/alder/,MINIMUM,,"POLYGON ((-124.063276881323 41.5017010153896, -124.063191219999 41.5017961933397, -124.062300151031 41.5016625199094, -124.060759987383 41.5012566630646, -124.059333908133 41.5011569777124, -124.059286371769 41.5008579243538, -124.060170541138 41.5006158313556, -124.060645900288 41.5004306996171, -124.061197316903 41.5002954119038, -124.061558590756 41.5004306996171, -124.062557070253 41.5008066297223, -124.062934237825 41.5011299440917, -124.063276881323 41.5017010153896))",-124.0614026616772,41.50102605418069,6015000203,,,True,,,,,,,,
10005258,Sugar Pine Conservation Camp #9,15905 Sugar Pine Camp Road,Bella Vista,CA,96008,(530) 472-3027,STATE,OPEN,,SHASTA,6089,USA,http://www.cdcr.ca.gov/Conservation_Camps/,MINIMUM,,"POLYGON ((-122.092629325183 40.7449044642697, -122.093878203816 40.7459719397532, -122.093949644161 40.7467789373981, -122.092100021998 40.7470382955809, -122.091297188215 40.7452344129379, -122.09216179643 40.7446861142728, -122.092629325183 40.7449044642697))",-122.0926140282548,40.74594991511181,6089012606,,,True,,,,,,,,
10005267,Salt Creek Conservation Camp #7,10655 Round Valley Road,Paskenta,CA,96074,(530) 833-5497,STATE,OPEN,,TEHAMA,6103,USA,http://www.cdcr.ca.gov/Conservation_Camps/,MINIMUM,,"POLYGON ((-122.629061480803 39.8132586362771, -122.62873668525 39.8131765452614, -122.628251275276 39.8123092318856, -122.628142072399 39.8111080011334, -122.629175694702 39.8110100460768, -122.629846703163 39.8111563828608, -122.630628356114 39.8120736652675, -122.630735432094 39.8123128012948, -122.629832426425 39.8126304589286, -122.629707505197 39.8130873154273, -122.629111449833 39.812994516184, -122.629061480803 39.8132586362771))",-122.62925447861537,39.81202088855824,6103000300,,,True,,,,,,,,
10005319,Owens Valley Conservation Camp #26,2781 South Round Valley Road,Bishop,CA,93514,(760) 387-2686,STATE,OPEN,,INYO,6027,USA,http://www.cdcr.ca.gov/Conservation_Camps/,MINIMUM,,"POLYGON ((-118.553161165056 37.3891085022556, -118.551533613386 37.3904695533273, -118.54983943724 37.388956215557, -118.550905436037 37.3882994847335, -118.551305184686 37.3887563412322, -118.552361665958 37.3883470741582, -118.553161165056 37.3891085022556))",-118.55153489518936,37.38924437916502,6027000200,,,True,,,,,,,,
10005362,Ventura Conservation Camp #46,2800 Wright Road,Camarillo,CA,93010,(805) 983-1332,STATE,OPEN,,VENTURA,6111,USA,http://www.cdcr.ca.gov/Conservation_Camps/,MINIMUM,110.0,"POLYGON ((-119.105887211426 34.2463177411709, -119.106815201161 34.2457085988728, -119.107053147385 34.2457323940348, -119.107510003884 34.2454373408606, -119.107662288784 34.2456276967608, -119.107624217783 34.2458418487224, -119.106996040435 34.2464843028084, -119.106572495724 34.246874534832, -119.106505871249 34.246874534832, -119.105896728951 34.2464557502327, -119.105887211426 34.2463177411709))",-119.10677775352286,34.246176183785806,6111009300,,,True,,,,,,,,
10000840,Prado Conservation Camp #28,14467 Central Avenue,Chino,CA,91710,(909) 597-3917,STATE,OPEN,,SAN BERNARDINO,6071,USA,http://www.cdcr.ca.gov/Conservation_Camps/,MINIMUM,80.0,"POLYGON ((-117.688856434277 33.992162704745, -117.684833603988 33.9921403188207, -117.684802106132 33.990159212178, -117.688856434277 33.9902114448024, -117.688856434277 33.992162704745))",-117.68683207528083,33.99116711079797,6071012202,,,True,,,,,,,,
10005275,Valley View Conservation Camp #34,3339 County Road 307,Elk Creek,CA,95939,(530) 968-5107,STATE,OPEN,107.0,GLENN,6021,USA,http://www.cdcr.ca.gov/Conservation_Camps/,MINIMUM,115.0,"POLYGON ((-122.722371538116 39.6517997187821, -122.722861273829 39.652375090638, -122.721395693656 39.6532269680502, -122.721210683326 39.6531822789391, -122.720804383116 39.6527549453845, -122.720771734128 39.6526823260286, -122.720757223567 39.6525761907387, -122.720760851432 39.6524477099938, -122.720811638846 39.6523778839323, -122.721228820853 39.6521237157369, -122.721526289607 39.651967303848, -122.721696791174 39.6519058558706, -122.721882093784 39.6518678298365, -122.721867290943 39.6518583743646, -122.721994259927 39.6518192709427, -122.722128483742 39.6518136852534, -122.722262707558 39.6518025120763, -122.722371538116 39.6517997187821))",-122.72173226828056,39.65246297492119,6021010300,0.9304347826086956,,True,,,,,,,,
10005263,Antelope Conservation Camp #25,711-045 Center Road,Susanville,CA,96127,(530) 257-2181,STATE,OPEN,,LASSEN,6035,USA,https://www.cdcr.ca.gov/facility-locator/conservation-camps/antelope/,MINIMUM,,"POLYGON ((-120.511078296026 40.4016133894464, -120.511290696109 40.4023275932439, -120.511245328009 40.402342930282, -120.511235141389 40.4023593617952, -120.510646886744 40.4026363367976, -120.510439790864 40.402388585265, -120.510199661085 40.4021001753828, -120.51019916466 40.402096366754, -120.510034493397 40.4019464407756, -120.5097486241 40.4018143060854, -120.509560585752 40.4017571325856, -120.509275988096 40.4017622146545, -120.508992660283 40.4017088533809, -120.508934216041 40.4015868819291, -120.508480637571 40.4015602008427, -120.508475556402 40.4013378587552, -120.508373914125 40.4013353181704, -120.508343420812 40.4010812120284, -120.509460776294 40.4010983522072, -120.509460562255 40.4010922835821, -120.510586570114 40.4011081206433, -120.510592652229 40.4011138817003, -120.510618934916 40.4011129751837, -120.510779021435 40.4011866656322, -120.510961687232 40.4013794236216, -120.511078296026 40.4016133894464))",-120.51004710820791,40.40164182151751,6035040400,,,True,,,,,,,,
10000814,Ben Lomond Conservation Camp #45,13575 Empire Grade Road,Santa Cruz,CA,95060,(831) 423-1652,STATE,OPEN,,SANTA CRUZ,6087,USA,https://www.cdcr.ca.gov/facility-locator/conservation-camps/ben-lomond/,MINIMUM,,"POLYGON ((-122.168372333217 37.1308226440498, -122.167783013775 37.13033437693, -122.167702126952 37.1298829586317, -122.167806124553 37.129735556151, -122.168398158148 37.1294115016395, -122.169839851428 37.130343589585, -122.170822048699 37.129947447217, -122.171076264558 37.1302238259689, -122.170094067287 37.1307950060847, -122.168372333217 37.1308226440498))",-122.1690670677042,37.130265033493735,6087120200,,,True,,,,,,,,
10002347,Calipatria State Prison,7018 Blair Road,Calipatria,CA,92233,(760) 348-7000,STATE,OPEN,,IMPERIAL,6025,USA,https://www.cdcr.ca.gov/facility-locator/cal/,MAXIMUM,2308.0,"MULTIPOLYGON (((-115.479895783563 33.1638118198596, -115.480130244016 33.1636363090685, -115.48905335333 33.1636386302187, -115.489277941024 33.163773943113, -115.489888534828 33.1654578391081, -115.48987425809 33.1656577143321, -115.489360452923 33.1667435359855, -115.489046206417 33.1672709892648, -115.488931991618 33.1673780652455, -115.487004627561 33.1681918401814, -115.482428924655 33.1682203936563, -115.482186220118 33.1681775634439, -115.480287410436 33.1673852031647, -115.479338005145 33.1656220220387, -115.479323728407 33.1654792546639, -115.479895783563 33.1638118198596)), ((-115.4773392583 33.1638201493804, -115.477246459057 33.1633918463567, -115.477953158911 33.1626922853208, -115.47846712236 33.1626994232398, -115.478824040797 33.1629920968079, -115.478824040797 33.1636274129748, -115.478617027654 33.1636202741564, -115.47858133626 33.1636987966622, -115.478567058623 33.1642056221918, -115.477610516312 33.164191344555, -115.4773392583 33.1638201493804)))",-115.4843440200192,33.16569335411168,6025010101,,CAL,False,2462.0,1.0667244367417679,1992.0,,,,,
10002348,Centinela State Prison,2302 Brown Road,Imperial,CA,92251,(760) 337-7900,STATE,OPEN,,IMPERIAL,6025,USA,https://www.cdcr.ca.gov/facility-locator/cen/,MAXIMUM,2308.0,"POLYGON ((-115.786668598877 32.8257026386659, -115.78465307428 32.8247838858677, -115.783840210357 32.8230022767338, -115.784591278265 32.8211886751173, -115.78686825017 32.821196663795, -115.791431699813 32.8213404752827, -115.793532788607 32.8214603180393, -115.793722933167 32.8215961390506, -115.794302870881 32.8233338351884, -115.793323630581 32.8250635075748, -115.791227295603 32.8258384542813, -115.786668598877 32.8257026386659))",-115.7890554901459,32.82339731050856,6025012301,,CEN,False,2984.0,1.292894280762565,1993.0,,,,,
10002323,"California State Prison, Solano",2100 Peabody Road,Vacaville,CA,95687,(707) 451-0182,STATE,OPEN,3737.0,SOLANO,6095,USA,https://www.cdcr.ca.gov/facility-locator/sol/,MAXIMUM,,"POLYGON ((-121.978886725842 38.3234390133998, -121.978744117647 38.3236142903672, -121.973191920071 38.324479481343, -121.972973255311 38.3243676038819, -121.972136622307 38.3210857852808, -121.97188943465 38.3177553331421, -121.972079579209 38.3175949597397, -121.97774586388 38.3173413464261, -121.977926499908 38.317464424044, -121.978145165567 38.3206046875563, -121.978206961582 38.3206830059161, -121.978886725842 38.3234390133998))",-121.97523692020748,38.320776607604,6095253000,,SOL,False,3735.0,,1984.0,,,,,
10000826,Avenal State Prison,1 Kings Way,Avenal,CA,93204,(559) 386-0587,STATE,OPEN,,KINGS,6031,USA,https://www.cdcr.ca.gov/facility-locator/asp/,MEDIUM,,"POLYGON ((-120.127835274578 35.9749501570242, -120.127794895918 35.9752684369888, -120.126010159841 35.9775681365603, -120.125723787822 35.9776910855752, -120.122470960666 35.9776242497593, -120.121905806907 35.9774669061728, -120.119270465959 35.9759854053023, -120.119066926897 35.9757088988467, -120.118728165772 35.9731056412124, -120.118844236772 35.9726293530622, -120.120315510552 35.970287188403, -120.120594784222 35.9701364296525, -120.123949925449 35.969969314932, -120.124285431927 35.970087234938, -120.126419639155 35.9721070097308, -120.126640536032 35.9723754105968, -120.127835274578 35.9749501570242))",-120.123101823151,35.97394943680589,6031981800,,,False,,,,,,,,
10002345,California Men'S Colony,Colony Drive,San Luis Obispo,CA,93409,(805) 547-7900,STATE,OPEN,4102.0,SAN LUIS OBISPO,6079,USA,https://www.cdcr.ca.gov/facility-locator/cmc/,MEDIUM,3838.0,"MULTIPOLYGON (((-120.699274067844 35.3246932489943, -120.702943196571 35.3214738388467, -120.703428607444 35.3214809767657, -120.704777762284 35.3225517338754, -120.706119778305 35.3235867995912, -120.703485714394 35.3245147902255, -120.702172251848 35.3256926233159, -120.70187957828 35.3266063363134, -120.701415582963 35.3268633175881, -120.701008694596 35.3268133485573, -120.700487593228 35.3266348888891, -120.700873066039 35.3262708316336, -120.699288344581 35.3250644450682, -120.699274067844 35.3246932489943)), ((-120.69425651003 35.3268655101352, -120.694166192016 35.3268577543819, -120.694071120186 35.3269159279278, -120.692424000167 35.3267045611666, -120.692302783247 35.3265649423183, -120.692559476738 35.3252230342157, -120.69265217166 35.3251726146245, -120.692664056201 35.3251125003417, -120.692599883278 35.3250407497309, -120.69286251859 35.3237017257541, -120.693033647885 35.3235737369384, -120.694372974033 35.3234767756327, -120.695154999304 35.3235954573645, -120.696588683221 35.3240360478254, -120.696708473817 35.3242098022407, -120.696141310973 35.3270749379581, -120.695974934596 35.3271660779522, -120.694327813678 35.3269527722527, -120.69425651003 35.3268655101352)))",-120.69890041992886,35.324574100099134,6079011400,1.068785825951016,CMC,False,2172.0,0.5659197498697238,1954.0,,Yes,,,
10000852,California City Correctional Center,22844 Virginia Blvd,California City,CA,93505,(760) 246-7600,STATE,OPEN,,KERN,6029,USA,https://www.cdcr.ca.gov/facility-locator/cac/,MEDIUM,,"POLYGON ((-117.861211998135 35.1538969539813, -117.860111497747 35.1547952013375, -117.857309682396 35.1547833033068, -117.856625587001 35.1542181810243, -117.856631536017 35.1520766668048, -117.856928968797 35.1518208753332, -117.861200101004 35.1518446686966, -117.861211998135 35.1538969539813))",-117.85888005110138,35.15325120165892,6029006500,,CAC,False,,,,,,,,
10000824,"California State Prison, Corcoran",4001 King Avenue,Corcoran,CA,93212,(559) 992-8800,STATE,OPEN,3070.0,KINGS,6031,USA,https://www.cdcr.ca.gov/facility-locator/cor/,MAXIMUM,,"POLYGON ((-119.546449254629 36.063687602401, -119.544393325292 36.0627221352184, -119.544030864333 36.0608392003688, -119.544428977116 36.0589081850647, -119.546449254629 36.0579426594263, -119.548766632174 36.0579234454107, -119.551147391239 36.0574578106295, -119.553471898609 36.0579266469972, -119.553481406242 36.0598672940404, -119.553476652426 36.0617809937979, -119.553481406242 36.0636062659165, -119.553324536598 36.0637407577298, -119.551142637423 36.0641903450084, -119.548818130053 36.0637023323968, -119.546449254629 36.063687602401))",-119.54912102574772,36.060818292814254,6031980100,,COR,False,2629.0,,1988.0,,,,Yes,
10000825,Ca Substance Abuse Treatment Facility,900 Quebec Ave,Corcoran,CA,93212,(559) 992-7100,STATE,OPEN,,KINGS,6031,USA,http://www.cdcr.ca.gov/Facilities_Locator/,NOT AVAILABLE,3424.0,"POLYGON ((-119.557293484007 36.0556322983919, -119.557144933991 36.0557331780438, -119.554902425906 36.0558052344241, -119.545415438971 36.055800431145, -119.540709381133 36.0560646366737, -119.538338525403 36.0560646366737, -119.537280850731 36.0543688939094, -119.538386060868 36.0526587017377, -119.540768801139 36.0526683100945, -119.542961395952 36.0520485971651, -119.5453084826 36.051875653039, -119.554797847343 36.0518804572173, -119.557049862161 36.0519621246524, -119.557222180359 36.0521014413285, -119.557632176783 36.053845271742, -119.557293484007 36.0556322983919))",-119.54782062864966,36.05395908338128,6031980100,,SATF,False,5358.0,1.5648364485981308,1997.0,,Yes,,Yes,
10000801,Central California Women'S Facility,23370 Road 22,Chowchilla,CA,93610,(559) 665-5531,STATE,OPEN,,MADERA,6039,USA,https://www.cdcr.ca.gov/facility-locator/ccwf/,MAXIMUM,2004.0,"POLYGON ((-120.156870898573 37.0950335485594, -120.154444153575 37.0969784835702, -120.151010971879 37.0969895155537, -120.148576642898 37.0950601253246, -120.148566012911 37.0922882861755, -120.150987364675 37.0903766647513, -120.154239911243 37.0903828134162, -120.154659805606 37.0905661851813, -120.156839007714 37.0922856277796, -120.156870898573 37.0950335485594))",-120.15270979438849,37.0936807963828,6039000201,,CCFW,False,,,,,,,,
10002346,Chuckawalla Valley State Prison,19025 Wiley'S Well Road,Blythe,CA,92225,(760) 922-5300,STATE,OPEN,,RIVERSIDE,6065,USA,https://www.cdcr.ca.gov/facility-locator/cvsp/,MEDIUM,1738.0,"POLYGON ((-114.911285210644 33.5646930107739, -114.90775150183 33.5646554092198, -114.907447836748 33.5645722632993, -114.904487102198 33.5634045988432, -114.904414801202 33.5632527663022, -114.905907820589 33.5605776213602, -114.91317409271 33.5606535367314, -114.914565890703 33.5633612182457, -114.914508049907 33.5635058202375, -114.911285210644 33.5646930107739))",-114.90950576295587,33.562579498036335,6065981000,,CVSP,False,,,,,,,,
10000869,R J Donovan Correctional Facility,480 Alta Road,San Diego,CA,92179,(619) 661-6500,STATE,OPEN,,SAN DIEGO,6073,USA,http://www.cdcr.ca.gov/Facilities_Locator/,MAXIMUM,2992.0,"MULTIPOLYGON (((-116.933431118152 32.5877382148468, -116.932309268758 32.5864405120201, -116.932432862587 32.5862923172367, -116.931848171056 32.5859358448634, -116.931710315778 32.5860720256035, -116.929908703924 32.5855713622286, -116.928682276866 32.5841534659098, -116.928639494317 32.5839371753604, -116.92972331408 32.5826714623181, -116.929808878277 32.5827155219039, -116.930041805385 32.582487211016, -116.930127368683 32.5825352761821, -116.930317513243 32.5823109699753, -116.930132123399 32.5821948117412, -116.931154146247 32.580997166586, -116.931410839738 32.5809691293219, -116.933397842337 32.5815098727825, -116.934505430281 32.5827956308137, -116.934381835553 32.5829558477342, -116.934980789432 32.5833243476406, -116.935104383261 32.5831841577228, -116.936915501849 32.5836808299064, -116.93813717599 32.5850987316212, -116.938179957639 32.5853270371131, -116.937102068905 32.5865916152109, -116.93696482067 32.586509436961, -116.936811516838 32.5864733894354, -116.936611866444 32.5866986857957, -116.93674021409 32.5868759187887, -116.93681508265 32.5869179737855, -116.935684320975 32.5882548870534, -116.935408613117 32.5882949392601, -116.933431118152 32.5877382148468)), ((-116.937867844326 32.5836824306997, -116.937368157614 32.5833826192126, -116.937282497189 32.5834968331124, -116.937011239177 32.5833397881008, -116.937089760784 32.5832541276759, -116.936597211992 32.5828972092389, -116.936875608822 32.582583120115, -116.937239666977 32.5826545038024, -116.937189697946 32.5825045976092, -116.937825014113 32.5824046604468, -116.937853567588 32.582526013165, -116.937896397801 32.5825688433775, -116.938032027256 32.5825402890032, -116.93806771865 32.5826973340148, -116.938438914724 32.5826188124083, -116.938603097655 32.5832684053127, -116.938510299311 32.5833754803942, -116.938153379974 32.5833754803942, -116.937867844326 32.5836824306997)))",-116.9335763874008,32.58456492210108,6073010016,,RJD,False,3592.0,1.2005347593582887,1987.0,,,,Yes,
10002309,Pelican Bay State Prison,5905 Lake Earl Drive,Crescent City,CA,95531,(707) 465-1000,STATE,OPEN,,DEL NORTE,6015,USA,http://www.cdcr.ca.gov/Facilities_Locator/,MAXIMUM,2380.0,"MULTIPOLYGON (((-124.144559559376 41.8529694472822, -124.146936356028 41.8522391609086, -124.152079150732 41.852250226167, -124.153368563608 41.8539077414492, -124.153300231321 41.8558241211863, -124.152076180271 41.8575191606808, -124.146939327388 41.8576165248828, -124.144618979382 41.8567756497765, -124.144173329336 41.854885853999, -124.144559559376 41.8529694472822)), ((-124.155337068951 41.8519573241712, -124.156136568048 41.8519573241712, -124.156127049624 41.8526235734192, -124.155717783449 41.8533469287178, -124.154680338127 41.8533374111926, -124.154689855652 41.8521476809707, -124.154927801877 41.8521381634455, -124.154927801877 41.8520810555963, -124.155346587375 41.8520715380711, -124.155337068951 41.8519573241712)))",-124.1490751163596,41.85480855418667,6015000201,,PBSP,False,2096.0,0.880672268907563,1989.0,,,,,
10000822,Gabilan Conservation Camp #38,31801 Mccoy Rd,Soledad,CA,93960,(831) 678-1873,STATE,OPEN,,MONTEREY,6053,USA,http://www.cdcr.ca.gov/Conservation_Camps/,MINIMUM,,"POLYGON ((-121.384993934023 36.4639340536137, -121.383104739892 36.46567409968, -121.381049828587 36.4643152069813, -121.383154456213 36.4624094419423, -121.384993934023 36.4639340536137))",-121.38305815511475,36.46407283647074,6053010900,,,True,,,,,,,,
10000810,Pleasant Valley State Prison,24863 West Jayne Avenue,Coalinga,CA,93210,(559) 935-4900,STATE,OPEN,,FRESNO,6019,USA,http://www.cdcr.ca.gov/Facilities_Locator/,MAXIMUM,2308.0,"POLYGON ((-120.246935400648 36.1278368383994, -120.249092345435 36.1270449376738, -120.251211557367 36.1275639939832, -120.251377931946 36.1277463701988, -120.251496771958 36.1295317169153, -120.251538365603 36.1314609983265, -120.251568075606 36.1333758339276, -120.251502713779 36.1351514562747, -120.251354164663 36.1353194181566, -120.24924475714 36.1359000843215, -120.247056915244 36.1351495362222, -120.246008747306 36.1334103876793, -120.245940117343 36.129583788561, -120.246935400648 36.1278368383994))",-120.24889960644474,36.131473239777144,6019007903,,PVSP,False,2992.0,1.2963604852686308,1994.0,,,,,
10000802,Valley State Prison,21633 Avenue 24,Chowchilla,CA,93610,(559) 665-6100,STATE,OPEN,,MADERA,6039,USA,http://www.cdcr.ca.gov/Facilities_Locator/,MEDIUM,1980.0,"POLYGON ((-120.157242539811 37.1087559610189, -120.15373082212 37.1087673338454, -120.151327880377 37.1068452973726, -120.151320749653 37.1041213803974, -120.153677344834 37.1022077561831, -120.157053585055 37.1021906951445, -120.157235409986 37.1023413981371, -120.15740653928 37.1023413981371, -120.159634786816 37.1041014766019, -120.159613396441 37.1068225508201, -120.157242539811 37.1087559610189))",-120.15547185750694,37.105477428630245,6039000201,,VSP,False,3148.0,1.58989898989899,1995.0,,Yes,,Yes,
10005251,Devils Garden Conservation Camp #40,2300 County Road 74,Alturas,CA,96101,(530) 233-3553,STATE,OPEN,114.0,MODOC,6049,USA,http://www.cdcr.ca.gov/Conservation_Camps/,MINIMUM,,"POLYGON ((-120.67023447694 41.524560126149, -120.669772861229 41.524503019199, -120.669658647329 41.524479224037, -120.669611057904 41.5244459122491, -120.66943021863 41.5233085288656, -120.669406424367 41.5232085917032, -120.670220200202 41.5227564944167, -120.671129153987 41.5229611279537, -120.670915002026 41.5237082793137, -120.67023447694 41.524560126149))",-120.67020461410344,41.52359923931703,6049000300,,,True,,,,,,,,
10000858,Bautista Conservation Camp #36,33015 Bautista Canyon Road,Hemet,CA,92544,(951) 927-3600,STATE,OPEN,,RIVERSIDE,6065,USA,https://www.cdcr.ca.gov/facility-locator/conservation-camps/bautista/,MINIMUM,,"POLYGON ((-116.810353249303 33.6431929768744, -116.809034659722 33.643468503069, -116.808399865162 33.6427389757232, -116.808345844685 33.6421302327241, -116.808222841711 33.6416136216713, -116.808119520399 33.6407427622687, -116.808700093035 33.6405065967022, -116.809349547444 33.6408510046702, -116.809900598933 33.6412839742761, -116.810353249303 33.6419531094485, -116.810353249303 33.6431929768744))",-116.80923524430564,33.64204515942113,6065044407,,,True,,,,,,,,
10006530,Folsom Women'S Facility,570 E Natoma St,Represa,CA,95671,NOT AVAILABLE,STATE,OPEN,397.0,SACRAMENTO,6067,USA,http://www.cdcr.ca.gov/Facilities_Locator/,MEDIUM,523.0,"POLYGON ((-121.149854859015 38.6933454351438, -121.14971209074 38.693559586206, -121.149469386203 38.6937094923992, -121.149326618828 38.6937309070558, -121.147827557796 38.6931098676263, -121.14779900522 38.6930313460198, -121.148041709757 38.6926244576526, -121.149854859015 38.6933454351438))",-121.14879148409725,38.69320816978507,6067988300,0.7590822179732314,FWF,False,,,,,,,,
10005248,Deadwood Conservation Camp #23,17148 Mcadams Creek Road,Fort Jones,CA,96032,(530) 468-2633,STATE,OPEN,,SISKIYOU,6093,USA,https://www.cdcr.ca.gov/facility-locator/conservation-camps/deadwood/,MINIMUM,,"POLYGON ((-122.8228418114 41.6786851505993, -122.822458534734 41.6782082122393, -122.82285546131 41.6779616819861, -122.823449251282 41.6769788578881, -122.824022566388 41.6767604521332, -122.824746034102 41.6768287043813, -122.82570155838 41.6775589970501, -122.824875711845 41.6783711927764, -122.8228418114 41.6786851505993))",-122.82407824218762,41.67774197144028,6093000701,,,True,,,,,,,,
10000904,Julius Klein Conservation Camp #19,East Fork Road,Azusa,CA,91702,(626) 910-1213,STATE,OPEN,,LOS ANGELES,6037,USA,https://www.cdcr.ca.gov/facility-locator/conservation-camps/julius-klein/,MINIMUM,,"POLYGON ((-117.824559417683 34.2373285253912, -117.823720623608 34.2381533386057, -117.822420492612 34.2388709751154, -117.821646938056 34.2384841973878, -117.821027162174 34.2381812994275, -117.821642277769 34.2378830608546, -117.822266713938 34.2374776437783, -117.822816590014 34.2370489270664, -117.823981581685 34.2368718478576, -117.824559417683 34.2373285253912))",-117.82290059711198,34.2378303823899,6037930400,,,True,,,,,,,,
10005252,Eel River Conservation Camp #31,3850 Redwood Drive,Redway,CA,95560,(707) 923-2755,STATE,OPEN,,HUMBOLDT,6023,USA,http://www.cdcr.ca.gov/Conservation_Camps/,MINIMUM,,"POLYGON ((-123.822505362233 40.1389470126945, -123.821744449447 40.1390912369711, -123.821430360323 40.1388247381712, -123.82231746418 40.1373758853888, -123.822896107769 40.1373304363506, -123.823134053993 40.1373970608258, -123.823067428619 40.138044274124, -123.823029357619 40.1388057022214, -123.822505362233 40.1389470126945))",-123.8224067420024,40.13825346356871,6023011501,,,True,,,,,,,,
10005290,Growlersburg Conservation Camp #33,5440 Longview Lane,Georgetown,CA,95634,(530) 333-4244,STATE,OPEN,,EL DORADO,6017,USA,http://www.cdcr.ca.gov/Conservation_Camps/,MINIMUM,,"POLYGON ((-120.868606364592 38.9035312497674, -120.869416814734 38.901603096106, -120.870296732108 38.9017652789445, -120.871558719259 38.903170850954, -120.870377777213 38.9047656007519, -120.868606364592 38.9035312497674))",-120.87004293218703,38.90313303813308,6017030606,,,True,,,,,,,,
10000905,Malibu Conservation Camp #13,1250 South Encinal Canyon Road,Malibu,CA,90265,(310) 457-2253,STATE,OPEN,,LOS ANGELES,6037,USA,https://www.cdcr.ca.gov/facility-locator/conservation-camps/malibu/,MINIMUM,,"POLYGON ((-118.86606541059 34.0844456337591, -118.865641200381 34.0846541199917, -118.865119093571 34.0848355788989, -118.864468298273 34.0849519295879, -118.863893078403 34.0849668466427, -118.863343646592 34.0849274140689, -118.864143466748 34.084311461205, -118.864527062674 34.0839861926087, -118.865077139298 34.0835383311291, -118.865650522753 34.0831483805933, -118.866195938192 34.0828279251687, -118.866820600091 34.0825460767401, -118.867106785949 34.0832419694414, -118.866531576871 34.0840865749356, -118.86606541059 34.0844456337591))",-118.86552872385522,34.08392941062969,6037800406,,,True,,,,,,,,
10005305,Mount Bullion Conservation Camp #39,5730 Mount Bullion Access Road,Mariposa,CA,95338,(209) 742-5494,STATE,OPEN,,MARIPOSA,6043,USA,http://www.cdcr.ca.gov/Conservation_Camps/,MINIMUM,110.0,"POLYGON ((-120.049124518182 37.5342536018223, -120.050148429606 37.5350290647396, -120.050863662228 37.5368209099571, -120.047769339683 37.5375662581763, -120.04652709355 37.5355109062034, -120.049124518182 37.5342536018223))",-120.048738197483,37.5359784933773,6043000101,,,True,,,,,,,,
10002310,High Desert State Prison,475-750 Rice Canyon Road,Susanville,CA,96127,(530) 251-5100,STATE,OPEN,,LASSEN,6035,USA,http://www.cdcr.ca.gov/Facilities_Locator/,MAXIMUM,,"POLYGON ((-120.507710175784 40.410039226729, -120.50746383169 40.4098936597646, -120.506857827127 40.4081192344152, -120.507882898677 40.4063753266601, -120.510184313255 40.4054530476201, -120.517727442567 40.4055515575584, -120.519690498018 40.4068007752356, -120.51973332823 40.4087495530495, -120.517916609564 40.4101629527581, -120.507710175784 40.410039226729))",-120.51339082085426,40.40786908373915,6035040400,,HDSP,False,2719.0,,1995.0,,Yes,,,
10000878,Mccain Valley Conservation Camp #21,2550 Mccain Valley Road,Boulevard,CA,91905,(619) 766-4393,STATE,OPEN,85.0,SAN DIEGO,6073,USA,http://www.cdcr.ca.gov/Conservation_Camps/,MINIMUM,100.0,"POLYGON ((-116.264794394945 32.6841250282475, -116.265272667 32.6834040507564, -116.266186379997 32.6834040507564, -116.266993017014 32.6834326051307, -116.267285690582 32.6835111267372, -116.267728271243 32.6835539578489, -116.268848997383 32.6837181398803, -116.26842069436 32.684717514202, -116.267506981362 32.685302861338, -116.267107230914 32.6852671690447, -116.266636097678 32.685038741245, -116.266400679448 32.6847946535505, -116.265806488379 32.6847352110612, -116.265108484069 32.6847389288585, -116.264694457783 32.684717514202, -116.264737287995 32.6844248397346, -116.264794394945 32.6841250282475))",-116.2667738482972,32.68422671566009,6073021102,0.85,,True,,,,,,,,
10000855,Cuesta Conservation Camp #24,635 N. Santa Rosa Street,San Luis Obispo,CA,93405,(805) 547-7971,STATE,OPEN,,SAN LUIS OBISPO,6079,USA,https://www.cdcr.ca.gov/facility-locator/conservation-camps/cuesta/,MINIMUM,100.0,"POLYGON ((-120.734596647217 35.3305225951417, -120.732806020581 35.3300050281096, -120.731578219359 35.3294244392865, -120.732434825407 35.3284060299144, -120.735109339025 35.3291293861123, -120.734596647217 35.3305225951417))",-120.73344205123828,35.329429003849334,6079011505,,,True,,,,,,,,
10006204,Holton Conservation Camp #16,12653 N. Little Tujunga Canyon Road,Sylmar,CA,91342,(818) 897-7071,STATE,OPEN,,LOS ANGELES,6037,USA,https://www.cdcr.ca.gov/facility-locator/conservation-camps/holton/,MINIMUM,,"POLYGON ((-118.35934212314 34.3003426649821, -118.359336174125 34.3000779504371, -118.359487863674 34.3000660533058, -118.359541402114 34.2991410376288, -118.36054969861 34.2992391896369, -118.361159436259 34.2999024648269, -118.361004770853 34.3007977372258, -118.361108871877 34.3009672738207, -118.36106425741 34.3010743498015, -118.360983950649 34.3011368104155, -118.36067164578 34.3011368104155, -118.360356367752 34.300979170952, -118.360377187957 34.3003753832174, -118.35934212314 34.3003426649821))",-118.36033132151492,34.300036648410114,6037930400,,,True,,,,,,,,
10000789,Baseline Conservation Camp #30,16809 Peoria Flat Road,Jamestown,CA,95327,(209) 984-4464,STATE,OPEN,100.0,TUOLUMNE,6109,USA,http://www.cdcr.ca.gov/Conservation_Camps/,MINIMUM,119.0,"POLYGON ((-120.529333728669 37.9230141079148, -120.529522188798 37.9230158525996, -120.531262145831 37.9230965712498, -120.531128895982 37.9238579993473, -120.531052753082 37.9250477286698, -120.530462646734 37.9252285679441, -120.53011048571 37.9251048356197, -120.529748808061 37.9250953180945, -120.529368095361 37.9248954437697, -120.52800704339 37.9248573718702, -120.527993749612 37.9241731901406, -120.527848635906 37.9237237413576, -120.527828187121 37.9237249437512, -120.527820459247 37.9235568622594, -120.528158553075 37.9232786587831, -120.528649274444 37.9230584139147, -120.528785351763 37.9230496059546, -120.529333728669 37.9230141079148))",-120.52961603771271,37.92402926410429,6109005201,0.8403361344537815,,True,,,,,,,,
10000774,Intermountain Conservation Camp #22,651-025 Foothill Rd,Bieber,CA,96009,(530) 294-5361,STATE,OPEN,,LASSEN,6035,USA,https://www.cdcr.ca.gov/facility-locator/conservation-camps/intermountain/,MINIMUM,,"POLYGON ((-121.22360497389 41.1220248310811, -121.224163969092 41.1219349069704, -121.224757569306 41.1222575162714, -121.225093082979 41.1228468150285, -121.225094544378 41.1241104569321, -121.224471191892 41.1240921620237, -121.223731673978 41.1241673597359, -121.223467133901 41.123767325102, -121.223264963607 41.1232140118173, -121.223297346395 41.1226651618678, -121.22360497389 41.1220248310811))",-121.22419725359636,41.1231067161181,6035040100,,,True,,,,,,,,
10005328,Pilot Rock Conservation Fire Camp #15,P.O. Box 10,Crestline,CA,92325,(909) 338-1950,STATE,OPEN,67.0,SAN BERNARDINO,6071,USA,http://www.cdcr.ca.gov/Conservation_Camps/,MINIMUM,80.0,"POLYGON ((-117.28022138401 34.2707724488894, -117.282701838319 34.2711685903582, -117.282291152115 34.2726286999546, -117.281023724066 34.2724564950712, -117.280147686367 34.2711876146168, -117.28022138401 34.2707724488894))",-117.2814657468556,34.271656892428354,6071010805,0.8375,,True,,,,,,,,
10000901,Fenner Canyon Conservation Camp #41,25900 Big Rock Creek Road,Valyermo,CA,93563,(661) 944-0173,STATE,OPEN,,LOS ANGELES,6037,USA,http://www.cdcr.ca.gov/Conservation_Camps/,MINIMUM,136.0,"POLYGON ((-117.774921305874 34.3903747716784, -117.773132378057 34.3905339741636, -117.771974837269 34.3906883508868, -117.771144681182 34.3906497573805, -117.770538351064 34.3904020409215, -117.770455070245 34.3902295302686, -117.77058929496 34.3897862040701, -117.772325607041 34.3896221767221, -117.773459763657 34.3895256902584, -117.774143764623 34.3895208653957, -117.775044075024 34.3902734612513, -117.774921305874 34.3903747716784))",-117.77262913360008,34.39010316279468,6037930400,,,True,,,,,,,,
10005264,Ishi Conservation Camp #18,30500 Plum Creek Road,Paynes Creek,CA,96075,(530) 597-2846,STATE,OPEN,,TEHAMA,6103,USA,https://www.cdcr.ca.gov/facility-locator/conservation-camps/ishi/,MINIMUM,,"POLYGON ((-121.895650528749 40.3141536648598, -121.893547086429 40.3133636841867, -121.893718407279 40.3120692575902, -121.896097867722 40.3125356316141, -121.896402439321 40.3134778989859, -121.895924501814 40.3139999410445, -121.895650528749 40.3141536648598))",-121.89495892375476,40.31308214420257,6103000100,,,True,,,,,,,,
10000793,O.H.Close Youth Correctional Facility,7650 South Newcastle Road,Stockton,CA,95213,(209) 944-6391,STATE,OPEN,169.0,SAN JOAQUIN,6077,USA,http://www.cdcr.ca.gov/Juvenile_Justice/Facility_Locations/index.html,JUVENILE,192.0,"POLYGON ((-121.199052203197 37.9001799335571, -121.196277291963 37.9001752462907, -121.195564252788 37.899139030342, -121.195605847332 37.8978027142239, -121.196128741948 37.897066557076, -121.196277291963 37.8969071333576, -121.196408015617 37.8968696217357, -121.198915536823 37.8968602436054, -121.199141333206 37.8969258887188, -121.199699879646 37.897699558388, -121.199818719658 37.8979058691606, -121.199800894196 37.8991906073607, -121.199331476866 37.8998704777404, -121.199052203197 37.9001799335571))",-121.19769467027837,37.89852127379901,6077005131,0.8802083333333334,,False,,,,,,,,
10005324,Mountain Home Conservation Camp #10,45260 Bear Creek Rd,Springville,CA,93265,(559) 539-2334,STATE,OPEN,,TULARE,6107,USA,https://www.cdcr.ca.gov/facility-locator/conservation-camps/mountain-home/,MINIMUM,,"POLYGON ((-118.713430203041 36.2086836977945, -118.712941227256 36.2072373352349, -118.712936147885 36.2070473687411, -118.713192256817 36.2068086823748, -118.714305844139 36.2071893959739, -118.714246573421 36.2076554948053, -118.715248110612 36.207979376647, -118.714991129337 36.2085980373696, -118.714133682424 36.2085432443753, -118.714069505903 36.2090479106326, -118.713799065375 36.208985627185, -118.713430203041 36.2086836977945))",-118.71392800271092,36.20791412059433,6107002701,,,True,,,,,,,,
10005256,Trinity River Conservation Camp #3,3325 Pettijohn Road,Lewiston,CA,96052,(530) 286-2886,STATE,OPEN,,TRINITY,6105,USA,http://www.cdcr.ca.gov/Conservation_Camps/,MINIMUM,,"POLYGON ((-122.803037669753 40.7891426580073, -122.804050041976 40.7889689206792, -122.804634968229 40.7892107897462, -122.804841941802 40.7893334266963, -122.804882437375 40.7897251848694, -122.804697960343 40.7903996826993, -122.804315509253 40.790604075218, -122.803681088811 40.7906790193213, -122.803267140766 40.7905972619541, -122.803037669753 40.7891426580073))",-122.80394970874065,40.78981381613563,6105000102,,,True,,,,,,,,
10000877,Rainbow Conservation Camp #2,8215 Rainbow Heights Road,Fallbrook,CA,92028,(760) 728-2554,STATE,OPEN,,SAN DIEGO,6073,USA,http://www.cdcr.ca.gov/Conservation_Camps/,MINIMUM,100.0,"POLYGON ((-117.11886241267 33.4271366541333, -117.11919791735 33.4273293896397, -117.119269300138 33.4277505547444, -117.119290715694 33.4280575050499, -117.1191408104 33.4285143624479, -117.118505493334 33.4288712808849, -117.117520396649 33.4287642049042, -117.117434736224 33.4280860594242, -117.117399043931 33.4274150509639, -117.118169988654 33.427065270446, -117.11886241267 33.4271366541333))",-117.11832774136676,33.427961075610796,6073019002,,,True,,,,,,,,
10005283,Washington Ridge Conservation Camp #44,11425 Conservation Camp Road,Nevada City,CA,95959,(530) 265-4623,STATE,OPEN,92.0,NEVADA,6057,USA,http://www.cdcr.ca.gov/Conservation_Camps/,MINIMUM,100.0,"POLYGON ((-120.933472836003 39.3088096353565, -120.93331043373 39.307951879076, -120.934355459437 39.3068591812063, -120.935188654333 39.306766301024, -120.936311349989 39.3072689447061, -120.936325472043 39.3087823193486, -120.933472836003 39.3088096353565))",-120.93491737585298,39.3079091221786,6057000801,0.92,,True,,,,,,,,
10000799,California Health Care Facility,7707 Austin Road,Stockton,CA,95215,(209) 467-2500,STATE,OPEN,,SAN JOAQUIN,6077,USA,https://www.cdcr.ca.gov/facility-locator/chcf/,NOT AVAILABLE,,"POLYGON ((-121.193221031425 37.9003221532448, -121.187165303436 37.8997629790783, -121.186920218393 37.8995393095915, -121.186939254343 37.8958963547331, -121.187355660235 37.895515641134, -121.193340003638 37.8955037440026, -121.193649334449 37.8956346142461, -121.194232301979 37.8968243453673, -121.194279891404 37.8970028041362, -121.194291789435 37.8986446334431, -121.194232301979 37.8988706807374, -121.193506566175 37.900191282102, -121.193221031425 37.9003221532448))",-121.1905848230992,37.89778736654379,6077005131,,CHCF,False,2251.0,,2013.0,"Opened in 2013 on the site of the former Karl Holton Drug and Alcohol Abuse Treatment Center, which opened in 1968 and closed in 2003 as part of consolidation efforts in response to a decline in youth incarceration.",,,,
10005273,Chamberlain Creek Conservation Camp #17,15800 State Highway 20,Fort Bragg,CA,95437,(707) 964-3518,STATE,OPEN,100.0,MENDOCINO,6045,USA,http://www.cdcr.ca.gov/Conservation_Camps/,MINIMUM,,"POLYGON ((-123.556107938431 39.3588646566786, -123.555432170758 39.3587885146783, -123.555632045083 39.357475052132, -123.55645058013 39.35634242886, -123.557326222127 39.3569230167839, -123.556567694344 39.358100321073, -123.556107938431 39.3588646566786))",-123.55627164419816,39.35761682929475,6045010300,,,True,,,,,,,,
10000780,Folsom State Prison,300 Prison Road,Represa,CA,95671,(916) 985-2561,STATE,OPEN,,SACRAMENTO,6067,USA,http://www.cdcr.ca.gov/Facilities_Locator/,MEDIUM,2066.0,"MULTIPOLYGON (((-121.16002814918 38.6961141149745, -121.161600400638 38.6931923894173, -121.161728748283 38.6931005623412, -121.161981875963 38.6933343051341, -121.163917778183 38.6922101067111, -121.166014113161 38.6921767139842, -121.166142459907 38.6935596986212, -121.166131765169 38.6937906571132, -121.16545200001 38.6961339234419, -121.165575593839 38.6978810049045, -121.165375943445 38.6978921349141, -121.16002814918 38.6961141149745)), ((-121.159538122986 38.6972633846975, -121.159659475704 38.6969707111295, -121.160780201845 38.6970920629484, -121.161037183119 38.6974204288098, -121.161615392336 38.6975846117405, -121.161444070587 38.6985126023748, -121.161137121181 38.6986339541937, -121.160616018914 38.6987124758002, -121.160180577072 38.6989266277617, -121.159866488847 38.6991550555614, -121.159716582654 38.6994691446853, -121.159338247762 38.6993906230788, -121.159481016036 38.6990479795806, -121.159323971924 38.6988623819934, -121.158774316182 38.6985697093247, -121.158917083556 38.6982270658265, -121.159002743981 38.6978772862079, -121.159323971924 38.6974204288098, -121.159538122986 38.6972633846975)))",-121.1630323451162,38.69538346625723,6067988300,,FSP,False,,,1880.0,,Yes,,,
10002344,Mcfarland Female Community Reentry Facility,120 Taylor Avenue,Mcfarland,CA,93250,(661) 792-1078,STATE,OPEN,,KERN,6029,USA,https://www.geogroup.com/Locations,MINIMUM,300.0,"POLYGON ((-119.226750070759 35.6682197609332, -119.226750070759 35.6680287359375, -119.226706601129 35.6680287359375, -119.226704625318 35.6674058960653, -119.227255906135 35.6674058960653, -119.227255906135 35.6682213662231, -119.226750070759 35.6682197609332))",-119.22698574189052,35.667807046660805,6029004703,,,False,,,,,,,,
10000782,Mule Creek State Prison,4001 State Highway 104,Ione,CA,95640,(209) 274-4911,STATE,OPEN,,AMADOR,6005,USA,http://www.cdcr.ca.gov/Facilities_Locator/,MAXIMUM,3284.0,"POLYGON ((-120.951016904906 38.3728003228766, -120.950700791408 38.3726130534497, -120.949399493991 38.3714335197412, -120.949356712342 38.3712099096097, -120.950215923726 38.3697452449471, -120.950426270656 38.3695551723334, -120.954705693713 38.3682656434447, -120.95506221375 38.3682880050874, -120.956925028068 38.3689911921898, -120.957064664902 38.3691705520794, -120.957061694442 38.3708057317991, -120.956975534893 38.3708756109207, -120.956972564432 38.3710549663137, -120.955682558004 38.3723579553554, -120.955400907426 38.3725049774228, -120.953457875381 38.3731003268187, -120.953019356058 38.3731198915698, -120.951016904906 38.3728003228766))",-120.95344581511613,38.37074337471898,6005000301,,MCSP,False,3761.0,1.145249695493301,1987.0,,,,,
10000846,Taft Modified Community Correctional Facility,330 Commerce Way,Taft,CA,93238,(661) 765-2840,STATE,OPEN,524.0,KERN,6029,USA,NOT AVAILABLE,NOT AVAILABLE,600.0,"POLYGON ((-119.441023660214 35.1335235288878, -119.442005177597 35.1335212158315, -119.442008005965 35.1342059353557, -119.441829806201 35.1343516686946, -119.441711004859 35.1343516686946, -119.441640291166 35.1342938377904, -119.441549776201 35.1343609218192, -119.441549776201 35.1344673296036, -119.441863749313 35.1347356639198, -119.441863749313 35.1348883364276, -119.441023660214 35.1348883364276, -119.441023660214 35.1335235288878))",-119.44146788011987,35.13415778402242,6029003304,0.8733333333333333,,False,,,,,,,,
10000845,Shafter Modified Community Correctional Facility,1150 East Ash Avenue,Shafter,CA,93263,(661) 746-8900,STATE,OPEN,,KERN,6029,USA,https://www.cdcr.ca.gov/facility-locator/ccf-visiting-shafter/,NOT AVAILABLE,640.0,"POLYGON ((-119.258230286798 35.4947073037991, -119.259922084237 35.4947073037991, -119.259929222156 35.4958851377889, -119.258758526984 35.4958851377889, -119.258630036347 35.4960207672447, -119.258230286798 35.4960421819012, -119.258230286798 35.4947073037991))",-119.25905776312544,35.495318067849404,6029004001,,,False,,,,,,,,
10001530,California Correctional Institution,24900 Hwy 202,Tehachapi,CA,93561,(661) 822-4402,STATE,OPEN,,KERN,6029,USA,https://www.cdcr.ca.gov/facility-locator/cci/,MAXIMUM,,"MULTIPOLYGON (((-118.571515730866 35.1098216832241, -118.57144205031 35.1096719685866, -118.571228137568 35.1097322429487, -118.570153826338 35.1092111568694, -118.569778291935 35.10890005979, -118.569578640642 35.1085247969818, -118.569533482085 35.1082292518785, -118.569659451922 35.1079434266479, -118.56966182883 35.1076206581669, -118.569958928861 35.1070626153474, -118.570384374739 35.1072065005796, -118.570443794745 35.1072026128104, -118.570500838743 35.1071792798999, -118.57056025785 35.107093725595, -118.57098095171 35.1072453899628, -118.571046775788 35.1073453909771, -118.571014226625 35.1074339957823, -118.570876372247 35.1074884398397, -118.570838344414 35.1076051025935, -118.570990459342 35.1076439910774, -118.571655962153 35.1073756639558, -118.571622687237 35.1073212207978, -118.572164597118 35.1071053916006, -118.572107553121 35.1070003939531, -118.572411783877 35.1068603973895, -118.572903781384 35.106770954416, -118.573405284726 35.1068020637643, -118.573859252602 35.1069420621265, -118.574389278842 35.1073620536159, -118.574584176319 35.1077762103039, -118.574474843939 35.1078987060605, -118.5746364656 35.1079862038003, -118.574615075225 35.1083070270477, -118.57428232337 35.1088981145564, -118.573885397693 35.1091897691925, -118.572642333177 35.1097730739682, -118.572079032022 35.1098780689178, -118.571515730866 35.1098216832241)), ((-118.566051117365 35.1148121849345, -118.568712654665 35.1130728646211, -118.568971725964 35.1130965851393, -118.56909151656 35.1131743558119, -118.571004362861 35.1151605885904, -118.570977742928 35.1154094480876, -118.568332843086 35.1171607725516, -118.568026711164 35.1171343315842, -118.566013088633 35.115075044178, -118.566051117365 35.1148121849345)), ((-118.567122202727 35.1023881192164, -118.567110319086 35.1016880887344, -118.568170965118 35.1016832278987, -118.56828980513 35.1017780236369, -118.568479948791 35.1017683010663, -118.568970162943 35.1013477951647, -118.568910742936 35.1013064731153, -118.569344509342 35.1009929145914, -118.568780019282 35.1005164978382, -118.568958279301 35.1003730856494, -118.569276176155 35.1003536414075, -118.569552226654 35.1002404923049, -118.570559646311 35.1002102292188, -118.571305366849 35.1004095468631, -118.571911449654 35.1010123597327, -118.572029056696 35.1014370276967, -118.571957264716 35.1018797459536, -118.571528190973 35.1024586080783, -118.570987469996 35.1027454243619, -118.570099142162 35.1028596643421, -118.569650520755 35.1031975207491, -118.569068206133 35.1034721808965, -118.568604730624 35.103535377156, -118.568013501922 35.1034478749195, -118.567463867763 35.1031270327864, -118.567276694564 35.1028742468491, -118.567122202727 35.1023881192164)), ((-118.567377710913 35.1108041278083, -118.5683271207 35.1101875364257, -118.569536315848 35.1113954437448, -118.568226107049 35.11225579367, -118.568749239985 35.1127978582346, -118.567471474229 35.1136113372934, -118.566568291393 35.1139955195776, -118.565313342337 35.1136175588034, -118.564478611399 35.1127434186739, -118.567377710913 35.1108041278083)), ((-118.574633989767 35.1110366933888, -118.574865727971 35.1109812798622, -118.576805194204 35.1115587390446, -118.576922846212 35.1117191439234, -118.576851541665 35.1134164973735, -118.576701803645 35.1135419024369, -118.574691032865 35.1140289347875, -118.574591208118 35.1139472772451, -118.574469991197 35.1138802013103, -118.573383760352 35.1125568660066, -118.573383760352 35.1124166473105, -118.574633989767 35.1110366933888)))",-118.57033067748,35.10991555190383,6029006002,,CCI,False,2434.0,,1954.0,"Opened in 1954 on the site of the former California Institute for Women, which opened in 1932 and closed in 1952 after the 1952 Kern County earthquake.",,,,
10000836,California Institution For Men,14901 Central Avenue,Chino,CA,91710,(909) 597-1821,STATE,OPEN,,SAN BERNARDINO,6071,USA,https://www.cdcr.ca.gov/facility-locator/cim/,MAXIMUM,,"MULTIPOLYGON (((-117.678680149369 33.9887874600733, -117.678680149369 33.9887102083095, -117.678626908605 33.9887102083095, -117.678586859996 33.9843494928349, -117.678753236373 33.9843494928349, -117.678753236373 33.9842977593342, -117.678788888197 33.9842854413201, -117.681691550824 33.984270660063, -117.681690957272 33.9845682529226, -117.682923920602 33.9845657896795, -117.682923920602 33.9846495489376, -117.683111092903 33.9846495489376, -117.683158629267 33.9846052060654, -117.683152687447 33.9843342187493, -117.684020217559 33.9843416102772, -117.684142028931 33.9843933437779, -117.684176967593 33.9887452476951, -117.678680149369 33.9887874600733)), ((-117.684297510921 33.9790804566978, -117.684435366199 33.9789385490748, -117.687278015268 33.9791592939663, -117.68743963693 33.9792972598607, -117.687444390746 33.9813233559881, -117.687292275818 33.9814416087433, -117.684478147848 33.9814534339289, -117.684307018554 33.9813233559881, -117.684297510921 33.9790804566978)), ((-117.680613475931 33.9826044231556, -117.680594460666 33.9814219001007, -117.68064199703 33.9813864236446, -117.681587963314 33.9813824828154, -117.681602222964 33.9811104999496, -117.682267726674 33.9811065582211, -117.682277234307 33.9813745993583, -117.682918968935 33.9813785410868, -117.683166155693 33.9815322702981, -117.68334679262 33.9814179583721, -117.683598733195 33.9813706567305, -117.683845919953 33.9813706567305, -117.683993281065 33.9814810269279, -117.684007541615 33.9819382710344, -117.683888701602 33.9820644063473, -117.68401229633 33.982159007832, -117.684002788698 33.9825728893275, -117.683831659404 33.9827423827548, -117.683118620228 33.9827463253827, -117.682899954569 33.9823994541715, -117.681839902989 33.982395512443, -117.681697294794 33.9827699748545, -117.680827386874 33.982766033126, -117.680613475931 33.9826044231556)))",-117.68239170046569,33.98471244959707,6071012202,,CIM,False,2274.0,,1941.0,,Yes,,,
10000817,Correctional Training Facility,Soledad Prison Road,Soledad,CA,93960,(831) 678-3951,STATE,OPEN,4983.0,MONTEREY,6053,USA,https://www.cdcr.ca.gov/facility-locator/ctf/,MEDIUM,,"MULTIPOLYGON (((-121.378802176379 36.4718637187357, -121.378802176379 36.4714585219933, -121.378553087555 36.4714585219933, -121.378475842086 36.4713913399385, -121.378480595903 36.4697208366473, -121.378570913917 36.4696176232547, -121.38694555909 36.4696181007948, -121.387044195833 36.4697055463739, -121.387050257264 36.4712802925515, -121.386762071312 36.4715024826535, -121.386753158132 36.471750951845, -121.385707367101 36.4728021612908, -121.385517223441 36.4729670079211, -121.385077515215 36.4732202507141, -121.384013898722 36.4736216163446, -121.381468943237 36.4736278279619, -121.379889799375 36.4729860249851, -121.378802176379 36.4718637187357)), ((-121.378164380782 36.4633116858856, -121.380049647573 36.4612218170333, -121.382417192 36.4627855654016, -121.380444238611 36.4647731327739, -121.378164380782 36.4633116858856)))",-121.38223254073095,36.46964827416208,6053010900,,CTF,False,4225.0,,1948.0,,Yes,,,
10002341,California Institution For Women,16756 Chino-Corona Road,Corona,CA,92880,(909) 597-1771,STATE,OPEN,,SAN BERNARDINO,6071,USA,https://www.cdcr.ca.gov/facility-locator/ciw/,MAXIMUM,,"POLYGON ((-117.6360472248 33.9527885797292, -117.633752767376 33.9528058530078, -117.633718220819 33.9527252449741, -117.634581881149 33.95008820071, -117.63469703574 33.9498118300519, -117.634720067377 33.9494778820986, -117.634627942625 33.9494778820986, -117.634604911887 33.9493396958703, -117.634720067377 33.9492706027561, -117.634604911887 33.9488675616887, -117.633867921967 33.9463226421763, -117.635998283694 33.9463111272568, -117.63641284058 33.9465990137335, -117.636435872218 33.9466796217672, -117.63652799607 33.9467602298008, -117.636666182298 33.9466911366866, -117.637810531831 33.9475166531711, -117.638944085901 33.9482003843403, -117.638872114057 33.9511512227508, -117.637669599972 33.9527945566235, -117.6360472248 33.9527885797292))",-117.6363650322742,33.94974539755923,6071001907,,CIW,False,1187.0,,1952.0,"The original California Institution for Women was opened in 1932 on the site of the current California Correctional Institution. That facility was closed in 1952 after the 1952 Kern County earthquake, and the women incarcerated in that facility were moved to the current CIW location, which had just opened.",Yes,,,
10000785,California Medical Facility,1600 California Drive,Vacaville,CA,95696,(707) 448-6841,STATE,OPEN,,SOLANO,6095,USA,https://www.cdcr.ca.gov/facility-locator/cmf/,MEDIUM,,"POLYGON ((-121.98057272715 38.3306953776896, -121.980317221662 38.3307419895513, -121.977411586775 38.3294182081838, -121.977343253588 38.3292597260556, -121.977129341746 38.3292853630291, -121.975349714718 38.328483622821, -121.975284352891 38.3282808562765, -121.976012247068 38.3272763351348, -121.97622615891 38.3272297205752, -121.976175652085 38.3270782261792, -121.976900823114 38.3261198762314, -121.977148009873 38.326064683938, -121.979497226116 38.3271388242974, -121.979562587943 38.327292649736, -121.979743819322 38.327262350677, -121.982114674153 38.3283228078513, -121.98218300734 38.3285325666247, -121.982408802824 38.3284673082197, -121.983508665592 38.3289645128021, -121.983570463406 38.3291472343574, -121.982857424231 38.3301242281507, -121.982653019122 38.3301689757177, -121.981388563332 38.3295984431137, -121.98057272715 38.3306953776896))",-121.97916451130509,38.3285102029971,6095253000,,CMF,False,2045.0,,1955.0,,,,,Yes
10000786,Delta Conservation Camp #8,6246 Lambie Road,Suisun City,CA,94585,(707) 425-4878,STATE,OPEN,,SOLANO,6095,USA,https://www.cdcr.ca.gov/facility-locator/conservation-camps/delta/,MINIMUM,,"POLYGON ((-121.849247963623 38.2200432158218, -121.846221663099 38.2200691882425, -121.846259360881 38.2175495405789, -121.845961810289 38.2175058623057, -121.845176444937 38.2169313825773, -121.844376536648 38.2176440278496, -121.843751155292 38.2171640830561, -121.844521975009 38.2163496309308, -121.844449255828 38.2155497226416, -121.845874547272 38.2156806171668, -121.848739672198 38.2157824240197, -121.849306879109 38.2162187373049, -121.849481405143 38.2169459264134, -121.84924320531 38.2173591837794, -121.849247963623 38.2200432158218))",-121.84722364621932,38.217626008443645,6095253501,,,True,,,,,,,,
10000857,California Rehabilitation Center,5Th Street And Western Avenue,Norco,CA,92860,(951) 737-2683,STATE,OPEN,,RIVERSIDE,6065,USA,https://www.cdcr.ca.gov/facility-locator/crc/,MEDIUM,2491.0,"POLYGON ((-117.56872568874 33.9309917787476, -117.568592393924 33.9303974096128, -117.568021322626 33.9299929017511, -117.568015775608 33.9282138583829, -117.569389302974 33.9279514982631, -117.572259822033 33.9273804809245, -117.573000600797 33.9272261518654, -117.576565599723 33.927488511086, -117.576527895646 33.9309922751734, -117.575161205825 33.9310226452789, -117.56872568874 33.9309917787476))",-117.5725312861978,33.9292530412966,6065046601,,CRC,False,2330.0,0.9353673223604978,1962.0,"The facility, formerly a Naval hospital, was donated by the federal government in 1962. Women were incarcerated at CRC until 2007.",,Yes,,
10005282,Konocti Conservation Camp #27,8275 South State Highway 29,Lower Lake,CA,95457,(707) 994-2437,STATE,OPEN,,LAKE,6033,USA,https://www.cdcr.ca.gov/facility-locator/conservation-camps/konocti/,MINIMUM,,"POLYGON ((-122.708985526061 38.9115426695586, -122.707354798885 38.9111544016544, -122.706422954656 38.9103002111859, -122.706633222445 38.9098306499646, -122.70731580518 38.9097267297049, -122.708102259612 38.9098883819433, -122.708873876128 38.9106850904446, -122.708985526061 38.9115426695586))",-122.7077601724924,38.91057030566233,6033000901,,,True,,,,,,,,
10006347,La Cima Conservation Camp #42,15108 Sunrise Highway,Julian,CA,92036,(760) 765-3085,STATE,OPEN,,SAN DIEGO,6073,USA,https://www.cdcr.ca.gov/facility-locator/conservation-camps/la-cima/,MINIMUM,,"POLYGON ((-116.537236964414 32.9399705598935, -116.53686576924 32.9400276668434, -116.535837841443 32.9383620441731, -116.535999644768 32.9382478302732, -116.53690384024 32.9382002408485, -116.537570088589 32.9382763837482, -116.537693820913 32.9384001160725, -116.537684303388 32.9387808296716, -116.537379731789 32.9397040601943, -116.537236964414 32.9399705598935))",-116.53689248814348,32.93893654769131,6073020902,,,True,,,,,,,,
10002322,"California State Prison, Sacramento",100 Prison Road,Represa,CA,95671,(916) 985-8610,STATE,OPEN,2167.0,SACRAMENTO,6067,USA,https://www.cdcr.ca.gov/facility-locator/sac/,MAXIMUM,,"POLYGON ((-121.157498609873 38.6975904303541, -121.155867826039 38.6980174608372, -121.155704215077 38.6979440356887, -121.1555378387 38.6979857732249, -121.153676767269 38.6971362502378, -121.153606414205 38.6969685581525, -121.15337443768 38.6970101104283, -121.151503424244 38.6961731275878, -121.151448282312 38.6960276937231, -121.151299969718 38.695950524697, -121.150742848703 38.6943626016528, -121.1508569349 38.6942127116474, -121.150710524371 38.6940880512226, -121.15070137287 38.6924148436702, -121.150858836066 38.692284985164, -121.150763764236 38.6921342560911, -121.151442815334 38.6904851899396, -121.151615370953 38.6904851899396, -121.151651022776 38.6903672006858, -121.153860166913 38.6903672006858, -121.153961180564 38.6904901056339, -121.154151324224 38.6904970627893, -121.155373710628 38.6921653060841, -121.153837111893 38.6928665407583, -121.153840676806 38.6932245761533, -121.153730156422 38.693275591995, -121.153731523391 38.693520278638, -121.153803776723 38.6935529276255, -121.153805678789 38.6939202359302, -121.155180418442 38.6945427988111, -121.155248870339 38.6947431461793, -121.155505563831 38.6946882362731, -121.156859214381 38.6952794712706, -121.157253619259 38.6952521732492, -121.157562602932 38.6953950107712, -121.157900515996 38.6953890824403, -121.158950952025 38.6958457932488, -121.157790904826 38.6973894768429, -121.157604291005 38.6974391517955, -121.157498609873 38.6975904303541))",-121.15390376526624,38.694444232143624,6067988300,,SAC,False,2131.0,,1986.0,,,,Yes,
10000811,Miramonte Conservation Camp #5,49039 Orchard Drive,Miramonte,CA,93641,(559) 336-2312,STATE,OPEN,,FRESNO,6019,USA,https://www.cdcr.ca.gov/facility-locator/conservation-camps/miramonte/,MINIMUM,,"POLYGON ((-119.085194471248 36.6717421272973, -119.085937220426 36.6718183808136, -119.086477942303 36.6719613577305, -119.08663243324 36.6724617737919, -119.086608665058 36.6725332618007, -119.085735192225 36.6734482986001, -119.085562874927 36.6734149382489, -119.085004326688 36.6731385217254, -119.085087514877 36.6723569254318, -119.085194471248 36.6717421272973))",-119.08573875853784,36.672531545811935,6019006410,,,True,,,,,,,,
10002353,California State Prison-Los Angeles County,44750 60Th Street West,Lancaster,CA,93536,(661) 729-2000,STATE,OPEN,,LOS ANGELES,6037,USA,https://www.cdcr.ca.gov/facility-locator/lac/,MAXIMUM,2300.0,"POLYGON ((-118.232340838659 34.6955778509371, -118.232129067203 34.6956968240493, -118.230025623983 34.6957634494237, -118.229958998609 34.6956944453424, -118.229901891659 34.6956968240493, -118.229861441053 34.6957682077366, -118.22769137156 34.6957586902114, -118.227643783034 34.6956873056247, -118.227584275794 34.6956880628539, -118.227529569134 34.6957610698176, -118.225373777278 34.6957658290298, -118.225311911116 34.695692064837, -118.225247669844 34.6956919749048, -118.225209595247 34.6957610698176, -118.223112682005 34.6956889549813, -118.222878934715 34.6955549398087, -118.222223291172 34.693864325878, -118.22229857342 34.6938468628425, -118.222302453995 34.693786716184, -118.222237648848 34.6937498511747, -118.223124172642 34.6920843346244, -118.223172801683 34.692092415033, -118.223233628229 34.6920593496593, -118.223218161689 34.6919927260835, -118.225205935905 34.6912113528217, -118.225261888126 34.6912618533519, -118.225323865804 34.6912406203584, -118.225347107883 34.6911823721688, -118.227527666169 34.6911844136298, -118.227587627567 34.6912748341663, -118.227644735416 34.6912719788188, -118.22769137156 34.6911920290889, -118.229866200265 34.6911901252241, -118.229904271265 34.6912662681239, -118.229969302142 34.6912903195926, -118.230032761902 34.6912234379114, -118.232012473697 34.6920110389783, -118.231995817353 34.6920657672214, -118.232033889253 34.6920967003026, -118.232107651647 34.6920895605848, -118.233002328694 34.6937623229729, -118.232940463432 34.693800393973, -118.232930945906 34.6938503630039, -118.232997571281 34.6938860543979, -118.232340838659 34.6955778509371))",-118.2276135961975,34.693596500791955,6037901003,,LAC,False,2949.0,1.2821739130434782,1993.0,,Yes,,,Yes
10002349,Acton Conservation Camp #11,8800 Soledad Canyon Road,Acton,CA,93510,(661) 268-0113,STATE,OPEN,76.0,LOS ANGELES,6037,USA,http://www.cdcr.ca.gov/Conservation_Camps/,MINIMUM,,"POLYGON ((-118.287054579305 34.4388984561988, -118.286790459212 34.4389591316586, -118.286544185266 34.4384701531751, -118.28662748497 34.4378260641216, -118.286988054655 34.437574757569, -118.287119171313 34.437389009795, -118.287201119336 34.4371431666239, -118.287232095585 34.4367818433075, -118.286917033394 34.4365422171497, -118.287239361208 34.4361761840837, -118.287539836394 34.4360341406631, -118.2878348482 34.4361051628231, -118.288113469861 34.4372578940366, -118.287989706959 34.4377955762049, -118.287539836394 34.4378206007402, -118.287054579305 34.4388984561988))",-118.287350782123,34.437431767090374,6037910815,,,True,,,,,,,,
10000790,San Quentin State Prison,Main Street,San Quentin,CA,94964,(415) 454-1460,STATE,OPEN,,MARIN,6041,USA,http://www.cdcr.ca.gov/Facilities_Locator/,MAXIMUM,3082.0,"POLYGON ((-122.494002876032 37.9419530432984, -122.493274981855 37.9424872513856, -122.493179910025 37.9425036523218, -122.492645130868 37.9420537934479, -122.492642160407 37.9415758136729, -122.488800661321 37.9415664418379, -122.488800661321 37.9405753277892, -122.487799436195 37.9405706423213, -122.487762357147 37.9405486494007, -122.487629256585 37.9404211848898, -122.487605489302 37.9390978028214, -122.487636387309 37.9388897338742, -122.487864559702 37.9382130354033, -122.488199687566 37.9378325070646, -122.488917480557 37.9373151360847, -122.489136146216 37.9372551504049, -122.489369072425 37.9373188853583, -122.489659041731 37.9375382057237, -122.48998703977 37.9378662487284, -122.489989416678 37.9379712220943, -122.490105879783 37.9379712220943, -122.490148662331 37.9380087130317, -122.490148662331 37.9381155596854, -122.490186691063 37.9382523996286, -122.490419617271 37.9389515919424, -122.49108749699 37.938962838864, -122.491043604679 37.9405662689182, -122.492688348688 37.9405662689182, -122.493353852398 37.9399214523132, -122.493567764241 37.9399851836694, -122.493681850437 37.9399626898263, -122.494003351773 37.9400814066317, -122.494002876032 37.9419530432984))",-122.4903665969169,37.940039851419016,6041122000,,SQ,False,2688.0,0.872160934458144,1852.0,,Yes,,Yes,
10000847,Wasco State Prison,701 Scofield Avenue,Wasco,CA,93280,(661) 758-8400,STATE,OPEN,,KERN,6029,USA,http://www.cdcr.ca.gov/Facilities_Locator/,MEDIUM,2984.0,"MULTIPOLYGON (((-119.40601988421 35.5919944806608, -119.408019364902 35.5910208422381, -119.41008420742 35.5919509930439, -119.410854686295 35.5936526182738, -119.410919681198 35.5956792593904, -119.409374138706 35.5971451444329, -119.406929008867 35.5971910449308, -119.40526228003 35.5957367170759, -119.405235541387 35.593820927294, -119.40601988421 35.5919944806608)), ((-119.412581217349 35.5953830002253, -119.412552662975 35.5953330320938, -119.412138636689 35.5953615846694, -119.412124359951 35.5951545724256, -119.411967315839 35.5951188801323, -119.411860239858 35.5950689111014, -119.411788856171 35.5949832506765, -119.411753163877 35.5947334073209, -119.411610397402 35.5947262694018, -119.411624674139 35.5939910160726, -119.412324235175 35.5939838772542, -119.412552662975 35.5940195686482, -119.41308090406 35.5942194438723, -119.41308804198 35.5953758623062, -119.412581217349 35.5953830002253)))",-119.40833193657431,35.59431194493489,6029004302,,WSP,False,3676.0,1.2319034852546917,1991.0,,,,,
10000879,Puerta La Cruz Conservation Camp #14,32363 State Highway 79,Warner Springs,CA,92086,(760) 782-3547,STATE,OPEN,120.0,SAN DIEGO,6073,USA,http://www.cdcr.ca.gov/Conservation_Camps/,MINIMUM,,"POLYGON ((-116.683415513615 33.3254479793408, -116.682124728373 33.3252479278497, -116.68188530816 33.3249608984268, -116.681926946771 33.3244477200862, -116.682405787197 33.3239867267061, -116.683124046937 33.323473543869, -116.683988040016 33.3234474500398, -116.684404423425 33.3242998553541, -116.68426909884 33.3248913142828, -116.684008860221 33.3253175110943, -116.683415513615 33.3254479793408))",-116.68321048338171,33.32449679713223,6073020903,,,True,,,,,,,,
10000841,North Kern State Prison,2737 West Cecil Avenue,Delano,CA,93215,(661) 721-2345,STATE,OPEN,,KERN,6029,USA,http://www.cdcr.ca.gov/Facilities_Locator/,MEDIUM,2694.0,"MULTIPOLYGON (((-119.307528867663 35.7795670609711, -119.309548550725 35.778615473925, -119.311616364604 35.7795294603164, -119.31243636015 35.7812764176726, -119.312477953794 35.7832479672199, -119.310870644964 35.7847152677954, -119.308439181223 35.7847557579719, -119.306781364668 35.7832923136894, -119.306762350302 35.7813892169389, -119.307528867663 35.7795670609711)), ((-119.313287495621 35.7824523972604, -119.313287495621 35.7822810764106, -119.313159004984 35.7822810764106, -119.313151867065 35.7815458230813, -119.313937089425 35.7815386842629, -119.313944228243 35.7816314826069, -119.31463665136 35.7816314826069, -119.314629511643 35.7829378072341, -119.313672969332 35.7829449460524, -119.313665831413 35.7826951017976, -119.313487370845 35.7826808259594, -119.313394571602 35.7826379948476, -119.313316049996 35.7825666111602, -119.313287495621 35.7824523972604)))",-119.30987566982682,35.78188517301339,6029004601,,NKSP,False,2570.0,0.9539717891610987,1993.0,,,,,
10005299,Vallecito Conservation Camp #1,3225 Six Mile Road,Angels Camp,CA,95222,(209) 736-4922,STATE,OPEN,,CALAVERAS,6009,USA,http://www.cdcr.ca.gov/Conservation_Camps/,MINIMUM,100.0,"POLYGON ((-120.489374977773 38.1067555106583, -120.489003781699 38.1078334056872, -120.488868153143 38.1078548221424, -120.488029449899 38.1068615973849, -120.48764748894 38.1062629618663, -120.487645650726 38.105632235839, -120.488180598056 38.1055286977912, -120.48944031262 38.1056840053126, -120.49017370885 38.1062016955519, -120.489374977773 38.1067555106583))",-120.48874358476203,38.106427356926375,6009000122,,,True,,,,,,,,
10006532,Department Of State Hospitals - Atascadero,10333 El Camino Real,Atascadero,CA,93422,(805) 468-2000,STATE,OPEN,,SAN LUIS OBISPO,6079,USA,https://www.dsh.ca.gov/Atascadero/index.html,NOT AVAILABLE,1184.0,"POLYGON ((-120.636666839103 35.4624828088346, -120.637016618722 35.4630253257582, -120.636980928227 35.464838475915, -120.636495517354 35.4648813061274, -120.636388442273 35.4649241363398, -120.636616870072 35.4653167470703, -120.63651693291 35.4656379741133, -120.636638284729 35.4657022198816, -120.636409856929 35.4665159957167, -120.636302780949 35.4666016561416, -120.636188567049 35.466644486354, -120.636052937593 35.4666516251724, -120.633832900868 35.4662304600677, -120.633568779875 35.4658806804491, -120.63326182957 35.465737912175, -120.633083369902 35.465423823051, -120.633561641956 35.4641389139798, -120.633697271412 35.4641389139798, -120.633840038787 35.4635749823996, -120.633825762049 35.4634679064188, -120.633682994674 35.4633251381447, -120.633318937419 35.4632466156389, -120.633268968388 35.4632109242448, -120.633161893307 35.4628896972018, -120.633097646639 35.4629753576267, -120.632083997379 35.462775483302, -120.632034028348 35.4626755461396, -120.632048305085 35.4625970227345, -120.632162518985 35.4625113632089, -120.632141104328 35.4624114251472, -120.632276732885 35.4617261408488, -120.632383808866 35.4617261408488, -120.632426639078 35.4615548190997, -120.63466095344 35.4619759842043, -120.634632399066 35.4621330283167, -120.635788818399 35.4623685949348, -120.635995830643 35.4623400423591, -120.636060076411 35.4623900095913, -120.636195704968 35.4623543181973, -120.636252811918 35.4624828088346, -120.636666839103 35.4624828088346))",-120.6348665784761,35.46406026013646,6079013100,,,False,,,,,,,,
10001522,Sierra Conservation Center,5100 O'Byrnes Ferry Road,Jamestown,CA,95327,(209) 984-5291,STATE,OPEN,,TUOLUMNE,6109,USA,http://www.cdcr.ca.gov/Facilities_Locator/,MEDIUM,3936.0,"MULTIPOLYGON (((-120.533905324371 37.8884622808097, -120.535725950592 37.8883534853251, -120.535849544421 37.8884360206059, -120.53627261429 37.8901429671243, -120.536210817375 37.8902104936194, -120.536191803009 37.8904055709604, -120.536248846107 37.8904918546154, -120.535968384433 37.8918948914362, -120.535830530055 37.8919699191765, -120.534009902935 37.8917448350562, -120.533886310005 37.891643547112, -120.53386729474 37.890705688217, -120.533990888569 37.890570636126, -120.533990888569 37.8904768494271, -120.533857788006 37.8901917373589, -120.533819759274 37.8885673252219, -120.533905324371 37.8884622808097)), ((-120.537650740789 37.8947901166706, -120.536320923172 37.893602836202, -120.536499182291 37.8928206841273, -120.53745079272 37.8924260867945, -120.537040795396 37.8918633791916, -120.537204793966 37.8917986675745, -120.537329575799 37.8917536511102, -120.537504270905 37.8917283288993, -120.53746653895 37.8915705347524, -120.537979926832 37.8914955070121, -120.538189084858 37.891514264172, -120.538379229418 37.8924221009992, -120.538778531104 37.8923695823904, -120.540119045258 37.8934537214122, -120.540032292157 37.8944750113127, -120.538595518169 37.8943680999079, -120.538203346307 37.8944243686897, -120.537650740789 37.8947901166706)))",-120.53654018648405,37.89168865412792,6109985202,,SCC,False,4035.0,1.0251524390243902,1965.0,,,,,
10000784,Pine Grove Conservation Camp,13630 Aqueduct Volcano Road,Pine Grove,CA,95665,(209) 296-7581,STATE,OPEN,,AMADOR,6005,USA,http://www.cdcr.ca.gov/Conservation_Camps/,JUVENILE,80.0,"POLYGON ((-120.63867541284 38.4128226018816, -120.639124373291 38.4120492793508, -120.639143666447 38.4115669531524, -120.639114726264 38.4109640458541, -120.638932395014 38.4104621773876, -120.639522501362 38.4102623021636, -120.639774576835 38.4107429538243, -120.640088665959 38.4116638047408, -120.640152910828 38.412384782232, -120.639008537914 38.4129939236307, -120.63867541284 38.4128226018816))",-120.63947541383544,38.4117068986096,6005000402,,,True,,,,,,,,
10000856,Norco Conservation Camp #0,3195 Western Avenue,Norco,CA,92860,(951) 737-5911,STATE,OPEN,,RIVERSIDE,6065,USA,http://www.cdcr.ca.gov/Conservation_Camps/,MINIMUM,100.0,"POLYGON ((-117.576530104381 33.9273437957796, -117.575252261283 33.9273067572011, -117.575360899386 33.9264959248471, -117.576628875122 33.9265227660129, -117.576530104381 33.9273437957796))",-117.57594424895476,33.92691793871164,6065046601,,,True,,,,,,,,
10006531,Department Of State Hospitals - Coalinga,24511 West Jayne Avenue,Coalinga,CA,93210,(559) 935-4300,STATE,OPEN,,FRESNO,6019,USA,http://www.dsh.ca.gov/Hospitals/default.aspx,NOT AVAILABLE,1286.0,"POLYGON ((-120.238056739427 36.1321879356247, -120.240412405608 36.1313408471025, -120.242761188378 36.1320968828649, -120.243677025574 36.1338392815576, -120.243105955176 36.1349909407793, -120.23781403399 36.1350290117795, -120.237209650905 36.1338725942449, -120.238056739427 36.1321879356247))",-120.24044350195224,36.13343268870778,6019007903,,,False,,,,,,,,
10000902,Francisquito Conservation Camp #4,35100 North San Francisquito Canyon Road,Santa Clarita,CA,91390,(661) 296-4409,STATE,OPEN,,LOS ANGELES,6037,USA,http://www.cdcr.ca.gov/Conservation_Camps/,MINIMUM,,"POLYGON ((-118.477256140558 34.5655326203342, -118.476673173028 34.5658895387713, -118.475685696737 34.5660858445861, -118.474549504056 34.5659549743426, -118.474269917423 34.5648604220709, -118.47722639818 34.5646224758466, -118.477256140558 34.5655326203342))",-118.47580837113031,34.565337588031426,6037920050,,,True,,,,,,,,
10005253,High Rock Conservation Camp #32,23322 Avenue Of The Giants,Weott,CA,95571,(707) 946-2343,STATE,OPEN,96.0,HUMBOLDT,6023,USA,http://www.cdcr.ca.gov/Conservation_Camps/,MINIMUM,,"POLYGON ((-123.932241975587 40.37519162969, -123.931768221726 40.3756117983458, -123.931556094138 40.3763282315627, -123.931230830039 40.3763012977668, -123.930354032413 40.374313578409, -123.931068198439 40.373968818806, -123.932241975587 40.37519162969))",-123.9312622305967,40.375077084153816,6023011100,,,True,,,,,,,,
10000838,Oak Glen Conservation Camp #35,41100 Pinebench Road,Yucaipa,CA,92399,(909) 797-0196,STATE,OPEN,,SAN BERNARDINO,6071,USA,http://www.cdcr.ca.gov/Conservation_Camps/,MINIMUM,,"POLYGON ((-116.905579151257 34.0346704841556, -116.904827175034 34.033840809206, -116.904732062734 34.0335473793082, -116.905093741283 34.0332332901842, -116.90608359718 34.032329094712, -116.906563058139 34.0318936528698, -116.906778399004 34.0318722382133, -116.907320915927 34.032557523411, -116.907358987827 34.0327002898865, -116.907006827703 34.0332999146594, -116.90659755973 34.0339280920079, -116.90623588208 34.0346038587811, -116.905579151257 34.0346704841556))",-116.90609379198143,34.03332926365807,6065044104,,,True,,,,,,,,
10000844,Kern Valley State Prison,3000 West Cecil Avenue,Delano,CA,93216,(661) 721-6300,STATE,OPEN,,KERN,6029,USA,http://www.cdcr.ca.gov/Facilities_Locator/,MAXIMUM,2448.0,"MULTIPOLYGON (((-119.321829697982 35.7623334946951, -119.328603570598 35.7622708128478, -119.328734294252 35.7623768887825, -119.328882844268 35.7699753947487, -119.328734294252 35.7700814598915, -119.321954479815 35.7701537770752, -119.321799987979 35.7700284268704, -119.321675207045 35.7624492131607, -119.321829697982 35.7623334946951)), ((-119.326221291679 35.7725830635576, -119.326149907992 35.7712767398297, -119.327042206333 35.7712553251732, -119.32751333867 35.7712410484357, -119.327534755125 35.7713552623355, -119.328220039423 35.7713624002546, -119.328212900605 35.7715836901352, -119.32846274396 35.7715979668727, -119.328484158617 35.7720762389273, -119.328398499091 35.7720691001089, -119.328391360273 35.7721333458772, -119.327963058149 35.7725188177893, -119.326221291679 35.7725830635576)))",-119.32536275967016,35.76647451591408,6029004603,,KVSP,False,3092.0,1.2630718954248366,2005.0,,,,,Yes
10000861,Ironwood State Prison,19005 Wiley'S Well Road,Blythe,CA,92225,(760) 921-3000,STATE,OPEN,,RIVERSIDE,6065,USA,http://www.cdcr.ca.gov/Facilities_Locator/,MEDIUM,2200.0,"MULTIPOLYGON (((-114.924338976263 33.5631941727729, -114.922292552759 33.5623177843383, -114.921390558827 33.5605382418464, -114.922128554189 33.5587230115578, -114.924412655919 33.5586883507868, -114.929014136093 33.558720041097, -114.931300614732 33.5588151111285, -114.931975625175 33.5606531158487, -114.931034413607 33.5623960163631, -114.92893807773 33.5632327932589, -114.924338976263 33.5631941727729)), ((-114.918111252932 33.5610377729749, -114.918084909991 33.5599864394227, -114.918431547378 33.5600081040908, -114.919773643439 33.5600059933819, -114.919757780297 33.5607489224249, -114.919741916256 33.5612935599499, -114.919686514421 33.5612856450165, -114.919687134953 33.5613023975876, -114.919239580142 33.5613199991187, -114.919239580142 33.5614759874269, -114.918800696595 33.5614786314338, -114.918795408581 33.5614178219749, -114.918644709186 33.5614178219749, -114.91826399109 33.5610556110277, -114.918111252932 33.5610377729749)), ((-114.921059792675 33.5642132332542, -114.920973962278 33.5642097528778, -114.920930444085 33.5639976028072, -114.920900716994 33.563852684254, -114.920889357658 33.5637973093983, -114.920884069644 33.5631707112594, -114.920957680952 33.5631707112594, -114.920970848826 33.5631650239467, -114.921018906797 33.5631442720905, -114.922510051997 33.5631654232457, -114.922512171699 33.5631743840906, -114.922573504564 33.5631759983737, -114.922573504564 33.5633861168758, -114.922573504564 33.5644318377592, -114.92257157192 33.5646232647519, -114.921599413782 33.5645905689996, -114.921439283196 33.5645851829599, -114.921210012732 33.5643604675616, -114.921059792675 33.5642132332542)))",-114.9260675684116,33.56097662668156,6065981000,,ISP,False,2764.0,1.2563636363636363,1994.0,,Yes,,,
10000821,Salinas Valley State Prison,31625 Highway 101,Soledad,CA,93960,(831) 678-5500,STATE,OPEN,,MONTEREY,6053,USA,http://www.cdcr.ca.gov/Facilities_Locator/,MAXIMUM,2452.0,"MULTIPOLYGON (((-121.372385963242 36.4837708703295, -121.370389453011 36.4830370397277, -121.369312763973 36.4813085013863, -121.369811892205 36.4794279893103, -121.372902916037 36.4764752641222, -121.374435950758 36.4750246612592, -121.376774718678 36.4746577063881, -121.378632185627 36.4758503036486, -121.378913837104 36.4777739040425, -121.377263151273 36.4793276546476, -121.375633855818 36.480881375575, -121.37409369217 36.4823462021156, -121.372656918182 36.4837278719438, -121.372385963242 36.4837708703295)), ((-121.380637014587 36.4752788528368, -121.381451068312 36.4749682800621, -121.381968021107 36.4753409672119, -121.382074976579 36.4757757669382, -121.381837296554 36.4761436732919, -121.380916288256 36.4770610402348, -121.379656586282 36.4762296763585, -121.380637014587 36.4752788528368)))",-121.37439425565836,36.47885711260287,6053010900,,SVSP,False,2387.0,0.9734910277324633,1996.0,,,,Yes,
10005272,Parlin Fork Conservation Camp #6,23000 State Highway 20,Fort Bragg,CA,95437,(707) 964-3766,STATE,OPEN,,MENDOCINO,6045,USA,http://www.cdcr.ca.gov/Conservation_Camps/,MINIMUM,100.0,"POLYGON ((-123.655273273842 39.3724465033035, -123.655029667285 39.3731551762704, -123.654441665351 39.3730541131568, -123.654294664867 39.3728795502511, -123.654340602237 39.3725717671734, -123.654460319088 39.372267034596, -123.654431125296 39.3722605900542, -123.655245364282 39.369858142939, -123.654761573088 39.3690531786613, -123.65370207639 39.3688854416099, -123.65369659682 39.3688600771309, -123.653293223903 39.3688048794417, -123.653116364129 39.3687038163281, -123.652996926067 39.3685177690799, -123.652978551119 39.3682995647732, -123.653093395444 39.3681410799469, -123.653336864405 39.3681479696531, -123.653506833574 39.3681755329745, -123.653626271635 39.3681893141855, -123.653717786646 39.3682422213015, -123.655628327985 39.3682058302349, -123.6577890832 39.3686650852255, -123.658489257573 39.3694857201899, -123.65582991282 39.3700719603527, -123.655601484121 39.370690620176, -123.655506306171 39.3711855467756, -123.655620520071 39.3716043331735, -123.655287281683 39.3724495951727, -123.655273273842 39.3724465033035))",-123.6556177393927,39.36977478501272,6045010300,,,True,,,,,,,,
