rank,cdcr_code,facility_name,city,facility_label,multi_hazard_score,hazard_count,hazards_above_median,heat_raw,heat_norm,heat_days_over_90f,drought_raw,drought_norm,drought_wsv,flood_raw,flood_norm,flood_500yr_floodplain_pct,flood_verywet_pct,wildfire_fhsz,wildfire_norm
1,LAC,California State Prison-Los Angeles County,Lancaster,"California State Prison-Los Angeles County (LAC)
Lancaster, CA",0.8341922902685941,4,"heat, drought, flood, wildfire",74.52842460035434,0.7760873261336265,125.36236572265624,49.7278288608188,0.5606818349407501,27.609208802799987,82.31462826043808,1.0,100.0,21.305039999999984,Very High,1.0
2,SCC,Sierra Conservation Center,Jamestown,"Sierra Conservation Center (SCC)
Jamestown, CA",0.6435317123805825,3,"heat, drought, wildfire",61.81727186800824,0.6260423229479178,117.48440551757812,63.63668442153632,0.7736662898352403,41.77483064429999,14.35717231902602,0.1744182367391719,0.0,21.913869999999985,Very High,1.0
3,CIW,California Institution For Women,Corona,"California Institution For Women (CIW)
Corona, CA",0.5803453136318253,3,"heat, flood, wildfire",72.10593681924836,0.7474917931802356,115.17458049522756,45.62190440583006,0.4978083599760979,30.22671180506207,33.70079699714195,0.40941443470430117,9.652509652509652,30.203412702702835,High,0.6666666666666666
4,MCSP,Mule Creek State Prison,Ione,"Mule Creek State Prison (MCSP)
Ione, CA",0.5399121578700132,2,"drought, wildfire",53.559888333521066,0.5285705070688659,118.18691314631442,63.695132262822355,0.7745612938534878,45.769790154410266,15.627445665873582,0.18985016389103246,2.6548672566371683,21.54905088495598,High,0.6666666666666666
5,COR,"California State Prison, Corcoran",Corcoran,"California State Prison, Corcoran (COR)
Corcoran, CA",0.5357793458126929,3,"heat, drought, flood",87.31508190644702,0.9270236004925242,141.90202448313028,61.846664456024826,0.7462559522312274,44.597171628780146,38.67452636252235,0.4698378305270199,32.631578947368425,23.11382778947373,,0.0
6,SATF,Ca Substance Abuse Treatment Facility,Corcoran,"Ca Substance Abuse Treatment Facility (SATF)
Corcoran, CA",0.5357793458126929,3,"heat, drought, flood",87.31508190644702,0.9270236004925242,141.90202448313028,61.846664456024826,0.7462559522312274,44.597171628780146,38.67452636252235,0.4698378305270199,32.631578947368425,23.11382778947373,,0.0
7,CCWF,Central California Women'S Facility,Chowchilla,"Central California Women'S Facility (CCWF)
Chowchilla, CA",0.5102968974986468,3,"heat, drought, flood",74.18742689252129,0.7720621206124993,130.76722208024992,78.41730718934556,1.0,58.29268981749693,22.152962967602488,0.26912546938208803,12.237093690248566,21.499644818355588,,0.0
8,VSP,Valley State Prison,Chowchilla,"Valley State Prison (VSP)
Chowchilla, CA",0.5102968974986468,3,"heat, drought, flood",74.18742689252129,0.7720621206124993,130.76722208024992,78.41730718934556,1.0,58.29268981749693,22.152962967602488,0.26912546938208803,12.237093690248566,21.499644818355588,,0.0
9,RJD,R J Donovan Correctional Facility,San Diego,"R J Donovan Correctional Facility (RJD)
San Diego, CA",0.4997490760134933,1,wildfire,47.57008588273313,0.457865674333813,29.28300499593595,33.724379427959256,0.3156231427277369,27.88350296004557,18.562564961726892,0.2255074869924232,0.0,24.660103885350328,Very High,1.0
10,KVSP,Kern Valley State Prison,Delano,"Kern Valley State Prison (KVSP)
Delano, CA",0.4964512561673857,3,"heat, drought, flood",79.2516676622544,0.8318414371251689,142.48336436010888,65.77769446330598,0.8064512917844888,48.94155693160007,28.60534544140636,0.3475122957598851,17.56756756756757,23.315209999999983,,0.0
11,NKSP,North Kern State Prison,Delano,"North Kern State Prison (NKSP)
Delano, CA",0.4691599015217046,2,"heat, drought",80.59085732203766,0.8476495011929633,139.33335304221131,66.12472727056567,0.8117653589959898,49.47697732824003,17.880774207550907,0.21722474589786533,0.0,24.214876285714315,,0.0
12,HDSP,High Desert State Prison,Susanville,"High Desert State Prison (HDSP)
Susanville, CA",0.46229506622095284,2,"drought, flood",53.20812130405205,0.5244181783093353,66.69958387415485,58.693010298116235,0.6979644656444435,31.663602212028493,24.156403741236595,0.2934642875966993,6.8350668647845465,25.23814783060929,Moderate,0.3333333333333333
13,CHCF,California Health Care Facility,Stockton,"California Health Care Facility (CHCF)
Stockton, CA",0.4497283881460375,3,"heat, drought, flood",65.90321456918896,0.674273612314396,116.40477515476276,70.3979173745215,0.8772001505917846,53.09285285777705,20.36791430418304,0.24743978967796942,9.990300678952474,21.34472206595568,,0.0
14,ISP,Ironwood State Prison,Blythe,"Ironwood State Prison (ISP)
Blythe, CA",0.43792076334344,1,heat,93.4973215032441,1.0,199.30841290050725,40.43289309294432,0.41834972004042664,13.328793069188244,0.0,0.0,0.0,12.538252436974796,Moderate,0.3333333333333333
15,WSP,Wasco State Prison,Wasco,"Wasco State Prison (WSP)
Wasco, CA",0.42818611133894424,2,"heat, drought",75.73868449158341,0.7903734772844109,145.10775925227702,59.72719580472408,0.7138008107285599,43.71206507819995,17.16837496789418,0.2085701573428063,0.0,23.749660526315775,,0.0
16,SOL,"California State Prison, Solano",Vacaville,"California State Prison, Solano (SOL)
Vacaville, CA",0.419915980471895,2,"drought, flood",49.40801385680592,0.47956094576447533,90.2510757446289,48.14013821346104,0.5363697392695855,29.34950847546717,27.196745235548704,0.33039990352018583,4.794520547945205,28.14154999999993,Moderate,0.3333333333333333
17,CCI,California Correctional Institution,Tehachapi,"California Correctional Institution (CCI)
Tehachapi, CA",0.4138340735658236,1,drought,53.906305955193126,0.5326596903429447,38.2516634306241,48.88963065286697,0.5478466172885976,28.81644393577335,19.878707242399248,0.24149665329841888,0.0,25.51957999999996,Moderate,0.3333333333333333
18,CIM,California Institution For Men,Chino,"California Institution For Men (CIM)
Chino, CA",0.38976559613621853,1,heat,79.1610513765278,0.8307717842646595,111.66124011410945,44.87743411241992,0.486408385410619,29.467967381507528,19.91044459980216,0.2418822148695955,0.3968253968253968,25.361786031746092,,0.0
19,SAC,"California State Prison, Sacramento",Represa,"California State Prison, Sacramento (SAC)
Represa, CA",0.3859053188679251,0,,60.386324892717624,0.6091511370746101,104.09597410210633,39.917131023538005,0.4104519240838705,22.994771223888716,15.69615509274526,0.19068488097988676,0.0,22.788261567567513,Moderate,0.3333333333333333
20,FOL,Folsom State Prison,Represa,"Folsom State Prison (FOL)
Represa, CA",0.3859053188679251,0,,60.386324892717624,0.6091511370746101,104.09597410210633,39.917131023538005,0.4104519240838705,22.994771223888716,15.69615509274526,0.19068488097988676,0.0,22.788261567567513,Moderate,0.3333333333333333
21,CAL,Calipatria State Prison,Calipatria,"Calipatria State Prison (CAL)
Calipatria, CA",0.37441698445077387,1,heat,70.59374836105195,0.7296416165042771,205.0750280595582,33.10148975233672,0.30608491598846743,20.57224148799751,10.586325636079884,0.1286080719770178,0.0,19.45140624999998,Moderate,0.3333333333333333
22,CMF,California Medical Facility,Vacaville,"California Medical Facility (CMF)
Vacaville, CA",0.3365826471385617,2,"drought, flood",49.40801385680592,0.47956094576447533,90.2510757446289,48.14013821346104,0.5363697392695855,29.34950847546717,27.196745235548704,0.33039990352018583,4.794520547945205,28.14154999999993,,0.0
23,PVSP,Pleasant Valley State Prison,Coalinga,"Pleasant Valley State Prison (PVSP)
Coalinga, CA",0.32863947760226997,1,flood,49.82009796260984,0.484425269423398,112.55941330854844,40.15093171490045,0.41403208296800065,22.892304408557617,34.25116275218629,0.41610055801768137,17.529215358931552,27.01933318030048,,0.0
24,ASP,Avenal State Prison,Avenal,"Avenal State Prison (ASP)
Avenal, CA",0.2967588012555237,1,flood,58.799240029818776,0.5904168681751681,125.70750459778348,30.416198513755905,0.2649654084786359,13.82394873969998,27.299887510121547,0.3316529283682907,0.0,30.365809223301035,,0.0
25,CTF,Correctional Training Facility,Soledad,"Correctional Training Facility (CTF)
Soledad, CA",0.29282678091200975,0,,27.45645442457495,0.2204403235600997,39.671031902667856,37.51071300674736,0.3736027651205721,31.78653369661394,20.07906502631334,0.24393070163403394,0.0,25.650418992248067,Moderate,0.3333333333333333
26,SVSP,Salinas Valley State Prison,Soledad,"Salinas Valley State Prison (SVSP)
Soledad, CA",0.29282678091200975,0,,27.45645442457495,0.2204403235600997,39.671031902667856,37.51071300674736,0.3736027651205721,31.78653369661394,20.07906502631334,0.24393070163403394,0.0,25.650418992248067,Moderate,0.3333333333333333
27,CEN,Centinela State Prison,Imperial,"Centinela State Prison (CEN)
Imperial, CA",0.28066651192079395,1,heat,79.9678299193883,0.8402951604353841,198.3435615055492,18.680457674665547,0.0852575702251395,9.465807658273851,16.225309415901492,0.19711331702265214,12.240663900414935,17.62712236514525,,0.0
28,SQ,San Quentin State Prison,San Quentin,"San Quentin State Prison (SQ)
San Quentin, CA",0.2745545909867789,0,,35.84785936218469,0.31949415503458284,14.998387336730955,48.13891158477223,0.5363509560676532,33.56709641440267,19.95086420819944,0.2423732528448797,6.578947368421052,22.60703815789472,,0.0
29,CMC,California Men'S Colony,San Luis Obispo,"California Men'S Colony (CMC)
San Luis Obispo, CA",0.26783045879071765,1,flood,10.213355587262647,0.016899317134124067,8.417203903198242,35.749720357019285,0.3466369189416224,36.48865811074713,30.822899056802072,0.3744522657537909,0.0,32.66643,Moderate,0.3333333333333333
30,PBSP,Pelican Bay State Prison,Crescent City,"Pelican Bay State Prison (PBSP)
Crescent City, CA",0.17087383203360612,1,flood,8.7817197673191,0.0,1.2816500022282356,13.112749785812143,0.0,13.791131693299484,28.82345443298527,0.3501619948010911,11.81894383906119,26.043766689019307,Moderate,0.3333333333333333
